Index,V,Fe,Co,Ni,Mo,Sn,W,CP,CM_type,CM_morph,MS2_morph,CP_morph,SSA,C,Cation,Anion,P_low,P_high,CD,Cs
4,True,False,False,False,False,False,False,False,0,0,nanosheets,0,5.5,6.0,K,OH,0.0,0.5,1.0,152.0
5,True,False,False,False,False,False,False,False,0,0,nanosheets,0,5.5,6.0,K,OH,0.0,0.5,2.0,145.0
6,True,False,False,False,False,False,False,False,0,0,nanosheets,0,5.5,6.0,K,OH,0.0,0.5,5.0,136.0
7,True,False,False,False,False,False,False,False,0,0,nanosheets,0,5.5,6.0,K,OH,0.0,0.5,10.0,120.0
8,True,False,False,False,False,False,False,False,0,0,nanosheets,0,5.5,6.0,K,OH,0.0,0.5,15.0,90.0
9,True,False,False,False,False,False,False,False,0,0,irregular nanoparticles,0,15.6,2.0,K,OH,-0.1,0.45,0.2,321.0
10,True,False,False,False,False,False,False,False,0,0,irregular nanoparticles,0,15.6,2.0,K,OH,-0.1,0.45,0.5,290.0
11,True,False,False,False,False,False,False,False,0,0,irregular nanoparticles,0,15.6,2.0,K,OH,-0.1,0.45,1.0,270.0
12,True,False,False,False,False,False,False,False,0,0,irregular nanoparticles,0,15.6,2.0,K,OH,-0.1,0.45,2.0,238.0
13,True,False,False,False,False,False,False,False,0,0,irregular nanoparticles,0,15.6,2.0,K,OH,-0.1,0.45,4.0,199.0
14,True,False,False,False,False,False,False,False,0,0,irregular nanoparticles,0,15.6,2.0,K,OH,-0.1,0.45,10.0,156.0
15,True,False,False,False,False,False,False,True,derived carbon-based,3D porous,irregular nanoparticles,embedded,69.7,2.0,K,OH,-0.1,0.45,0.2,837.0
16,True,False,False,False,False,False,False,True,derived carbon-based,3D porous,irregular nanoparticles,embedded,69.7,2.0,K,OH,-0.1,0.45,0.5,790.0
17,True,False,False,False,False,False,False,True,derived carbon-based,3D porous,irregular nanoparticles,embedded,69.7,2.0,K,OH,-0.1,0.45,1.0,702.0
18,True,False,False,False,False,False,False,True,derived carbon-based,3D porous,irregular nanoparticles,embedded,69.7,2.0,K,OH,-0.1,0.45,2.0,616.0
19,True,False,False,False,False,False,False,True,derived carbon-based,3D porous,irregular nanoparticles,embedded,69.7,2.0,K,OH,-0.1,0.45,4.0,469.0
20,True,False,False,False,False,False,False,True,derived carbon-based,3D porous,irregular nanoparticles,embedded,69.7,2.0,K,OH,-0.1,0.45,10.0,407.0
21,True,False,False,False,False,False,False,True,G-based,3D special,irregular nanoparticles,supported,32.3,2.0,K,OH,0.0,0.5,1.0,211.0
22,True,False,False,False,False,False,False,True,G-based,3D special,irregular nanoparticles,supported,32.3,2.0,K,OH,0.0,0.5,2.0,203.0
23,True,False,False,False,False,False,False,True,G-based,3D special,irregular nanoparticles,supported,32.3,2.0,K,OH,0.0,0.5,10.0,171.0
24,True,False,False,False,False,False,False,True,G-based,3D special,irregular nanoparticles,supported,32.3,2.0,K,OH,0.0,0.5,20.0,135.0
25,False,True,False,False,False,False,False,False,0,0,irregular nanoparticles,0,4.0,6.0,K,OH,-0.85,-0.3,0.5,163.0
26,False,True,False,False,False,False,False,False,0,0,irregular nanoparticles,0,4.0,6.0,K,OH,-0.85,-0.3,1.0,92.0
27,False,True,False,False,False,False,False,False,0,0,irregular nanoparticles,0,4.0,6.0,K,OH,-0.85,-0.3,2.0,82.0
28,False,True,False,False,False,False,False,False,0,0,irregular nanoparticles,0,4.0,6.0,K,OH,-0.85,-0.3,3.0,78.0
29,False,True,False,False,False,False,False,False,0,0,irregular nanoparticles,0,4.0,6.0,K,OH,-0.85,-0.3,5.0,75.0
30,False,True,False,False,False,False,False,False,0,0,irregular nanoparticles,0,4.0,6.0,K,OH,-0.85,-0.3,10.0,74.0
31,False,True,False,False,False,False,False,True,G-based,2D,flower-like clusters,supported,8.4,6.0,K,OH,-0.85,-0.3,0.5,312.0
32,False,True,False,False,False,False,False,True,G-based,2D,flower-like clusters,supported,8.4,6.0,K,OH,-0.85,-0.3,1.0,288.0
33,False,True,False,False,False,False,False,True,G-based,2D,flower-like clusters,supported,8.4,6.0,K,OH,-0.85,-0.3,2.0,268.0
34,False,True,False,False,False,False,False,True,G-based,2D,flower-like clusters,supported,8.4,6.0,K,OH,-0.85,-0.3,3.0,216.0
35,False,True,False,False,False,False,False,True,G-based,2D,flower-like clusters,supported,8.4,6.0,K,OH,-0.85,-0.3,5.0,200.0
36,False,True,False,False,False,False,False,True,G-based,2D,flower-like clusters,supported,8.4,6.0,K,OH,-0.85,-0.3,10.0,172.0
37,False,True,False,False,True,False,False,True,derived carbon-based,3D special,flower-like clusters,coated,94.7,6.0,K,OH,0.0,0.4,2.0,1325.0
38,False,True,False,False,True,False,False,True,derived carbon-based,3D special,flower-like clusters,coated,94.7,6.0,K,OH,0.0,0.4,4.0,1138.0
39,False,True,False,False,True,False,False,True,derived carbon-based,3D special,flower-like clusters,coated,94.7,6.0,K,OH,0.0,0.4,6.0,1012.0
40,False,True,False,False,True,False,False,True,derived carbon-based,3D special,flower-like clusters,coated,94.7,6.0,K,OH,0.0,0.4,8.0,904.0
41,False,True,False,False,True,False,False,True,derived carbon-based,3D special,flower-like clusters,coated,94.7,6.0,K,OH,0.0,0.4,10.0,719.0
42,False,True,False,False,False,False,False,True,G-based,2D,irregular nanoparticles,supported,218.4,6.0,K,OH,-0.6,0.0,1.0,529.0
43,False,True,False,False,False,False,False,True,G-based,2D,irregular nanoparticles,supported,218.4,6.0,K,OH,-0.6,0.0,2.0,481.0
44,False,True,False,False,False,False,False,True,G-based,2D,irregular nanoparticles,supported,218.4,6.0,K,OH,-0.6,0.0,5.0,443.0
45,False,True,False,False,False,False,False,True,G-based,2D,irregular nanoparticles,supported,218.4,6.0,K,OH,-0.6,0.0,10.0,401.0
46,False,True,False,False,False,False,False,True,G-based,2D,irregular nanoparticles,supported,218.4,6.0,K,OH,-0.6,0.0,20.0,349.0
47,False,True,False,False,False,False,False,False,0,0,irregular nanoparticles,0,39.8,1.0,Na,SO3,-1.0,0.0,0.5,763.0
48,False,True,False,False,False,False,False,False,0,0,irregular nanoparticles,0,39.8,1.0,Na,SO3,-1.0,0.0,1.0,720.0
49,False,True,False,False,False,False,False,False,0,0,irregular nanoparticles,0,39.8,1.0,Na,SO3,-1.0,0.0,2.0,590.0
50,False,True,False,False,False,False,False,False,0,0,irregular nanoparticles,0,39.8,1.0,Na,SO3,-1.0,0.0,3.0,429.0
51,False,True,False,False,False,False,False,False,0,0,irregular nanoparticles,0,39.8,1.0,Na,SO3,-1.0,0.0,4.0,240.0
52,False,True,False,False,False,False,False,False,0,0,irregular nanoparticles,0,39.8,1.0,Na,SO3,-1.0,0.0,5.0,105.0
53,False,False,False,False,True,False,False,False,0,0,flower-like clusters,0,24.0,6.0,K,OH,0.0,1.0,1.0,216.0
54,False,False,False,False,True,False,False,False,0,0,flower-like clusters,0,24.0,6.0,K,OH,0.0,1.0,2.0,160.0
55,False,False,False,False,True,False,False,False,0,0,flower-like clusters,0,24.0,6.0,K,OH,0.0,1.0,3.0,140.0
56,False,False,False,False,True,False,False,False,0,0,flower-like clusters,0,24.0,6.0,K,OH,0.0,1.0,4.0,121.0
57,False,False,False,False,True,False,False,False,0,0,flower-like clusters,0,24.0,6.0,K,OH,0.0,1.0,5.0,109.0
58,False,False,False,False,True,False,False,False,0,0,flower-like clusters,0,24.0,6.0,K,OH,0.0,1.0,7.0,86.0
59,False,True,False,False,True,False,False,False,0,0,hollow morph,0,43.0,6.0,K,OH,0.0,1.0,1.0,386.0
60,False,True,False,False,True,False,False,False,0,0,hollow morph,0,43.0,6.0,K,OH,0.0,1.0,2.0,274.0
61,False,True,False,False,True,False,False,False,0,0,hollow morph,0,43.0,6.0,K,OH,0.0,1.0,3.0,230.0
62,False,True,False,False,True,False,False,False,0,0,hollow morph,0,43.0,6.0,K,OH,0.0,1.0,4.0,179.0
63,False,True,False,False,True,False,False,False,0,0,hollow morph,0,43.0,6.0,K,OH,0.0,1.0,5.0,163.0
64,False,True,False,False,True,False,False,False,0,0,hollow morph,0,43.0,6.0,K,OH,0.0,1.0,7.0,154.0
65,False,True,False,False,False,False,False,False,0,0,irregular nanoparticles,0,23.8,2.0,K,OH,-1.1,0.0,1.0,471.0
66,False,True,False,False,False,False,False,False,0,0,irregular nanoparticles,0,23.8,2.0,K,OH,-1.1,0.0,2.0,398.0
67,False,True,False,False,False,False,False,False,0,0,irregular nanoparticles,0,23.8,2.0,K,OH,-1.1,0.0,3.0,369.0
68,False,True,False,False,False,False,False,False,0,0,irregular nanoparticles,0,23.8,2.0,K,OH,-1.1,0.0,5.0,356.0
69,False,True,False,False,False,False,False,False,0,0,irregular nanoparticles,0,23.8,2.0,K,OH,-1.1,0.0,10.0,335.0
70,False,True,False,False,False,False,False,False,0,0,irregular nanoparticles,0,23.8,2.0,K,OH,-1.1,0.0,15.0,321.0
71,False,True,False,False,False,False,False,False,0,0,irregular nanoparticles,0,23.8,2.0,K,OH,-1.1,0.0,20.0,307.0
72,False,True,False,False,False,False,False,True,derived carbon-based,3D porous,irregular nanoparticles,embedded,17.4,1.0,K,OH,-1.2,-0.2,2.0,228.0
73,False,True,False,False,False,False,False,True,derived carbon-based,3D porous,irregular nanoparticles,embedded,17.4,1.0,K,OH,-1.2,-0.2,4.0,170.0
74,False,True,False,False,False,False,False,True,derived carbon-based,3D porous,irregular nanoparticles,embedded,17.4,1.0,K,OH,-1.2,-0.2,6.0,140.0
75,False,True,False,False,False,False,False,True,derived carbon-based,3D porous,irregular nanoparticles,embedded,17.4,1.0,K,OH,-1.2,-0.2,8.0,119.0
76,False,True,False,False,False,False,False,True,derived carbon-based,3D porous,irregular nanoparticles,embedded,17.4,1.0,K,OH,-1.2,-0.2,10.0,91.0
77,False,True,False,False,False,False,False,True,derived carbon-based,3D porous,irregular nanoparticles,embedded,27.4,1.0,K,OH,-1.2,-0.2,2.0,303.0
78,False,True,False,False,False,False,False,True,derived carbon-based,3D porous,irregular nanoparticles,embedded,27.4,1.0,K,OH,-1.2,-0.2,4.0,235.0
79,False,True,False,False,False,False,False,True,derived carbon-based,3D porous,irregular nanoparticles,embedded,27.4,1.0,K,OH,-1.2,-0.2,6.0,210.0
80,False,True,False,False,False,False,False,True,derived carbon-based,3D porous,irregular nanoparticles,embedded,27.4,1.0,K,OH,-1.2,-0.2,8.0,192.0
81,False,True,False,False,False,False,False,True,derived carbon-based,3D porous,irregular nanoparticles,embedded,27.4,1.0,K,OH,-1.2,-0.2,10.0,176.0
82,False,True,False,False,False,False,False,True,derived carbon-based,3D porous,irregular nanoparticles,embedded,11.0,1.0,K,OH,-1.2,-0.2,2.0,105.0
83,False,True,False,False,False,False,False,True,derived carbon-based,3D porous,irregular nanoparticles,embedded,11.0,1.0,K,OH,-1.2,-0.2,4.0,84.0
84,False,True,False,False,False,False,False,True,derived carbon-based,3D porous,irregular nanoparticles,embedded,11.0,1.0,K,OH,-1.2,-0.2,6.0,74.0
85,False,True,False,False,False,False,False,True,derived carbon-based,3D porous,irregular nanoparticles,embedded,11.0,1.0,K,OH,-1.2,-0.2,8.0,63.0
86,False,True,False,False,False,False,False,True,derived carbon-based,3D porous,irregular nanoparticles,embedded,11.0,1.0,K,OH,-1.2,-0.2,10.0,60.0
87,False,True,False,False,False,False,False,False,0,0,irregular nanoparticles,0,3.6,2.0,K,OH,-1.1,0.0,3.0,459.0
88,False,True,False,False,False,False,False,False,0,0,irregular nanoparticles,0,3.6,2.0,K,OH,-1.1,0.0,5.0,372.0
89,False,True,False,False,False,False,False,False,0,0,irregular nanoparticles,0,3.6,2.0,K,OH,-1.1,0.0,10.0,309.0
90,False,True,False,False,False,False,False,False,0,0,irregular nanoparticles,0,3.6,2.0,K,OH,-1.1,0.0,15.0,299.0
91,False,True,False,False,False,False,False,False,0,0,irregular nanoparticles,0,3.6,2.0,K,OH,-1.1,0.0,20.0,289.0
92,False,True,False,False,False,False,False,False,0,0,irregular nanoparticles,0,3.6,2.0,K,OH,-1.1,0.0,30.0,269.0
93,False,True,False,False,False,False,False,True,G-based,2D,irregular nanoparticles,supported,135.0,2.0,K,OH,-1.1,0.0,3.0,721.0
94,False,True,False,False,False,False,False,True,G-based,2D,irregular nanoparticles,supported,135.0,2.0,K,OH,-1.1,0.0,5.0,650.0
95,False,True,False,False,False,False,False,True,G-based,2D,irregular nanoparticles,supported,135.0,2.0,K,OH,-1.1,0.0,10.0,621.0
96,False,True,False,False,False,False,False,True,G-based,2D,irregular nanoparticles,supported,135.0,2.0,K,OH,-1.1,0.0,15.0,617.0
97,False,True,False,False,False,False,False,True,G-based,2D,irregular nanoparticles,supported,135.0,2.0,K,OH,-1.1,0.0,20.0,614.0
98,False,True,False,False,False,False,False,True,G-based,2D,irregular nanoparticles,supported,135.0,2.0,K,OH,-1.1,0.0,30.0,589.0
99,False,True,False,False,False,False,False,True,G-based,2D,nanoparticles,supported,165.0,2.0,K,OH,-1.1,0.0,3.0,769.0
100,False,True,False,False,False,False,False,True,G-based,2D,nanoparticles,supported,165.0,2.0,K,OH,-1.1,0.0,5.0,708.0
101,False,True,False,False,False,False,False,True,G-based,2D,nanoparticles,supported,165.0,2.0,K,OH,-1.1,0.0,10.0,637.0
102,False,True,False,False,False,False,False,True,G-based,2D,nanoparticles,supported,165.0,2.0,K,OH,-1.1,0.0,15.0,587.0
103,False,True,False,False,False,False,False,True,G-based,2D,nanoparticles,supported,165.0,2.0,K,OH,-1.1,0.0,20.0,570.0
104,False,True,False,False,False,False,False,True,G-based,2D,nanoparticles,supported,165.0,2.0,K,OH,-1.1,0.0,30.0,555.0
105,False,False,True,False,False,False,False,False,0,0,hollow morph,0,127.6,2.0,K,OH,-0.1,0.4,1.0,1301.0
106,False,False,True,False,False,False,False,False,0,0,hollow morph,0,127.6,2.0,K,OH,-0.1,0.4,2.5,1073.0
107,False,False,True,False,False,False,False,False,0,0,hollow morph,0,127.6,2.0,K,OH,-0.1,0.4,5.0,883.0
108,False,False,True,False,False,False,False,False,0,0,hollow morph,0,127.6,2.0,K,OH,-0.1,0.4,10.0,650.0
109,False,False,True,False,False,False,False,False,0,0,hollow morph,0,127.6,2.0,K,OH,-0.1,0.4,20.0,450.0
110,False,False,True,False,False,False,False,False,0,0,hollow morph,0,98.3,2.0,K,OH,-0.1,0.4,1.0,1180.0
111,False,False,True,False,False,False,False,False,0,0,hollow morph,0,98.3,2.0,K,OH,-0.1,0.4,2.5,952.0
112,False,False,True,False,False,False,False,False,0,0,hollow morph,0,98.3,2.0,K,OH,-0.1,0.4,5.0,733.0
113,False,False,True,False,False,False,False,False,0,0,hollow morph,0,98.3,2.0,K,OH,-0.1,0.4,10.0,531.0
114,False,False,True,False,False,False,False,False,0,0,hollow morph,0,98.3,2.0,K,OH,-0.1,0.4,20.0,339.0
115,False,False,True,False,False,False,False,False,0,0,hollow morph,0,65.1,2.0,K,OH,-0.1,0.4,1.0,1079.0
116,False,False,True,False,False,False,False,False,0,0,hollow morph,0,65.1,2.0,K,OH,-0.1,0.4,2.5,883.0
117,False,False,True,False,False,False,False,False,0,0,hollow morph,0,65.1,2.0,K,OH,-0.1,0.4,5.0,681.0
118,False,False,True,False,False,False,False,False,0,0,hollow morph,0,65.1,2.0,K,OH,-0.1,0.4,10.0,471.0
119,False,False,True,False,False,False,False,False,0,0,hollow morph,0,65.1,2.0,K,OH,-0.1,0.4,20.0,271.0
120,False,False,True,False,False,False,False,False,0,0,nanoparticles,0,41.5,2.0,K,OH,-0.1,0.4,1.0,899.0
121,False,False,True,False,False,False,False,False,0,0,nanoparticles,0,41.5,2.0,K,OH,-0.1,0.4,2.5,733.0
122,False,False,True,False,False,False,False,False,0,0,nanoparticles,0,41.5,2.0,K,OH,-0.1,0.4,5.0,583.0
123,False,False,True,False,False,False,False,False,0,0,nanoparticles,0,41.5,2.0,K,OH,-0.1,0.4,10.0,388.0
124,False,False,True,False,False,False,False,False,0,0,nanoparticles,0,41.5,2.0,K,OH,-0.1,0.4,20.0,221.0
125,False,False,True,False,False,False,False,False,0,0,bulk,0,3.2,2.0,K,OH,-0.1,0.4,1.0,624.0
126,False,False,True,False,False,False,False,False,0,0,bulk,0,3.2,2.0,K,OH,-0.1,0.4,2.5,495.0
127,False,False,True,False,False,False,False,False,0,0,bulk,0,3.2,2.0,K,OH,-0.1,0.4,5.0,345.0
128,False,False,True,False,False,False,False,False,0,0,bulk,0,3.2,2.0,K,OH,-0.1,0.4,10.0,212.0
129,False,False,True,False,False,False,False,False,0,0,bulk,0,3.2,2.0,K,OH,-0.1,0.4,20.0,93.0
130,False,False,True,False,False,False,False,False,0,0,nanoparticles,0,17.5,2.0,K,OH,-0.1,0.5,1.0,236.0
131,False,False,True,False,False,False,False,False,0,0,nanoparticles,0,17.5,2.0,K,OH,-0.1,0.5,2.0,225.0
132,False,False,True,False,False,False,False,False,0,0,nanoparticles,0,17.5,2.0,K,OH,-0.1,0.5,5.0,203.0
133,False,False,True,False,False,False,False,False,0,0,nanoparticles,0,17.5,2.0,K,OH,-0.1,0.5,10.0,175.0
134,False,False,True,False,False,False,False,False,0,0,nanoparticles,0,17.5,2.0,K,OH,-0.1,0.5,15.0,152.0
135,False,False,True,False,False,False,False,False,0,0,irregular nanoparticles,0,21.0,2.0,K,OH,0.0,0.4,2.0,624.0
136,False,False,True,False,False,False,False,True,G-based,2D,irregular nanoparticles,coated,93.0,2.0,K,OH,0.0,0.4,2.0,929.0
137,False,False,True,False,False,False,False,True,G-based,2D,irregular nanoparticles,coated,93.0,2.0,K,OH,0.0,0.4,4.0,855.0
138,False,False,True,False,False,False,False,True,G-based,2D,irregular nanoparticles,coated,93.0,2.0,K,OH,0.0,0.4,8.0,798.0
139,False,False,True,False,False,False,False,True,G-based,2D,irregular nanoparticles,coated,93.0,2.0,K,OH,0.0,0.4,14.0,713.0
140,False,False,True,False,False,False,False,True,G-based,2D,irregular nanoparticles,coated,93.0,2.0,K,OH,0.0,0.4,20.0,677.0
141,False,False,True,False,False,False,False,False,0,0,flower-like clusters,0,66.4,2.0,K,OH,-0.1,0.5,1.0,719.0
142,False,False,True,False,False,False,False,False,0,0,flower-like clusters,0,66.4,2.0,K,OH,-0.1,0.5,2.0,697.0
143,False,False,True,False,False,False,False,False,0,0,flower-like clusters,0,66.4,2.0,K,OH,-0.1,0.5,5.0,621.0
144,False,False,True,False,False,False,False,False,0,0,flower-like clusters,0,66.4,2.0,K,OH,-0.1,0.5,10.0,537.0
145,False,False,True,False,False,False,False,False,0,0,flower-like clusters,0,66.4,2.0,K,OH,-0.1,0.5,20.0,477.0
146,False,False,True,False,False,False,False,False,0,0,flower-like clusters,0,46.2,2.0,K,OH,-0.1,0.5,1.0,554.0
147,False,False,True,False,False,False,False,False,0,0,flower-like clusters,0,46.2,2.0,K,OH,-0.1,0.5,2.0,540.0
148,False,False,True,False,False,False,False,False,0,0,flower-like clusters,0,46.2,2.0,K,OH,-0.1,0.5,5.0,497.0
149,False,False,True,False,False,False,False,False,0,0,flower-like clusters,0,46.2,2.0,K,OH,-0.1,0.5,10.0,469.0
150,False,False,True,False,False,False,False,False,0,0,flower-like clusters,0,46.2,2.0,K,OH,-0.1,0.5,20.0,417.0
151,False,False,True,False,False,False,False,False,0,0,nanoparticles,0,3.3,2.0,K,OH,-0.1,0.5,1.0,180.0
152,False,False,True,False,False,False,False,False,0,0,nanoparticles,0,3.3,2.0,K,OH,-0.1,0.5,2.0,167.0
153,False,False,True,False,False,False,False,False,0,0,nanoparticles,0,3.3,2.0,K,OH,-0.1,0.5,5.0,143.0
154,False,False,True,False,False,False,False,False,0,0,nanoparticles,0,3.3,2.0,K,OH,-0.1,0.5,10.0,115.0
155,False,False,True,False,False,False,False,False,0,0,nanoparticles,0,3.3,2.0,K,OH,-0.1,0.5,20.0,78.0
156,False,False,True,False,False,False,False,False,0,0,irregular nanoparticles,0,29.3,2.0,K,OH,-0.2,0.45,0.5,654.0
157,False,False,True,False,False,False,False,False,0,0,irregular nanoparticles,0,29.3,2.0,K,OH,-0.2,0.45,1.0,595.0
158,False,False,True,False,False,False,False,False,0,0,irregular nanoparticles,0,29.3,2.0,K,OH,-0.2,0.45,5.0,499.0
159,False,False,True,False,False,False,False,False,0,0,irregular nanoparticles,0,36.3,6.0,K,OH,0.0,0.4,0.5,996.0
160,False,False,True,False,False,False,False,False,0,0,irregular nanoparticles,0,36.3,6.0,K,OH,0.0,0.4,1.0,987.0
161,False,False,True,False,False,False,False,False,0,0,irregular nanoparticles,0,36.3,6.0,K,OH,0.0,0.4,2.0,980.0
162,False,False,True,False,False,False,False,False,0,0,irregular nanoparticles,0,36.3,6.0,K,OH,0.0,0.4,3.0,973.0
163,False,False,True,False,False,False,False,False,0,0,irregular nanoparticles,0,36.3,6.0,K,OH,0.0,0.4,4.0,966.0
164,False,False,True,False,False,False,False,False,0,0,irregular nanoparticles,0,36.3,6.0,K,OH,0.0,0.4,5.0,958.0
165,False,False,True,False,False,False,False,False,0,0,irregular nanoparticles,0,13.1,6.0,K,OH,0.0,0.4,0.5,354.0
166,False,False,True,False,False,False,False,False,0,0,irregular nanoparticles,0,13.1,6.0,K,OH,0.0,0.4,1.0,342.0
167,False,False,True,False,False,False,False,False,0,0,irregular nanoparticles,0,13.1,6.0,K,OH,0.0,0.4,2.0,322.0
168,False,False,True,False,False,False,False,False,0,0,irregular nanoparticles,0,13.1,6.0,K,OH,0.0,0.4,3.0,308.0
169,False,False,True,False,False,False,False,False,0,0,irregular nanoparticles,0,13.1,6.0,K,OH,0.0,0.4,4.0,294.0
170,False,False,True,False,False,False,False,False,0,0,irregular nanoparticles,0,13.1,6.0,K,OH,0.0,0.4,5.0,290.0
171,False,False,True,False,False,False,False,False,0,0,hollow morph,0,113.9,2.0,K,OH,-0.1,0.4,1.0,936.0
172,False,False,True,False,False,False,False,False,0,0,hollow morph,0,113.9,2.0,K,OH,-0.1,0.4,2.0,883.0
173,False,False,True,False,False,False,False,False,0,0,hollow morph,0,113.9,2.0,K,OH,-0.1,0.4,5.0,810.0
174,False,False,True,False,False,False,False,False,0,0,hollow morph,0,113.9,2.0,K,OH,-0.1,0.4,10.0,746.0
175,False,False,True,False,False,False,False,False,0,0,hollow morph,0,113.9,2.0,K,OH,-0.1,0.4,20.0,686.0
176,False,False,True,False,False,False,False,False,0,0,nanoparticles,0,67.1,3.0,K,OH,0.0,0.45,1.0,427.0
177,False,False,True,False,False,False,False,False,0,0,nanoparticles,0,67.1,3.0,K,OH,0.0,0.45,10.0,405.0
178,False,False,True,False,False,False,False,False,0,0,nanoparticles,0,67.1,3.0,K,OH,0.0,0.45,20.0,383.0
179,False,False,False,True,False,False,False,False,0,0,nanoparticles,0,201.4,3.0,K,OH,0.0,0.45,1.0,952.0
180,False,False,False,True,False,False,False,False,0,0,nanoparticles,0,201.4,3.0,K,OH,0.0,0.45,2.0,809.0
181,False,False,False,True,False,False,False,False,0,0,nanoparticles,0,201.4,3.0,K,OH,0.0,0.45,3.0,743.0
182,False,False,False,True,False,False,False,False,0,0,nanoparticles,0,201.4,3.0,K,OH,0.0,0.45,5.0,669.0
183,False,False,False,True,False,False,False,False,0,0,nanoparticles,0,201.4,3.0,K,OH,0.0,0.45,10.0,553.0
184,False,False,False,True,False,False,False,False,0,0,nanoparticles,0,201.4,3.0,K,OH,0.0,0.45,20.0,442.0
185,False,False,True,True,False,False,False,False,0,0,nanoparticles,0,78.4,3.0,K,OH,0.0,0.45,1.0,1731.0
186,False,False,True,True,False,False,False,False,0,0,nanoparticles,0,78.4,3.0,K,OH,0.0,0.45,2.0,1679.0
187,False,False,True,True,False,False,False,False,0,0,nanoparticles,0,78.4,3.0,K,OH,0.0,0.45,3.0,1640.0
188,False,False,True,True,False,False,False,False,0,0,nanoparticles,0,78.4,3.0,K,OH,0.0,0.45,5.0,1571.0
189,False,False,True,True,False,False,False,False,0,0,nanoparticles,0,78.4,3.0,K,OH,0.0,0.45,10.0,1446.0
190,False,False,True,True,False,False,False,False,0,0,nanoparticles,0,78.4,3.0,K,OH,0.0,0.45,20.0,1330.0
191,False,False,True,False,False,False,False,False,0,0,hollow morph,0,326.2,6.0,K,OH,0.0,0.36,0.5,703.0
192,False,False,True,False,False,False,False,False,0,0,hollow morph,0,326.2,6.0,K,OH,0.0,0.36,10.0,510.0
193,False,False,False,False,True,False,False,False,0,0,flower-like clusters,0,58.2,2.0,K,OH,0.0,0.5,1.0,117.0
194,False,False,False,False,True,False,False,False,0,0,flower-like clusters,0,58.2,2.0,K,OH,0.0,0.5,2.0,102.0
195,False,False,False,False,True,False,False,False,0,0,flower-like clusters,0,58.2,2.0,K,OH,0.0,0.5,5.0,72.0
196,False,False,False,False,True,False,False,False,0,0,flower-like clusters,0,58.2,2.0,K,OH,0.0,0.5,10.0,44.0
197,False,False,True,False,True,False,False,False,0,0,irregular nanoparticles,0,60.1,2.0,K,OH,0.0,0.5,1.0,1038.0
198,False,False,True,False,True,False,False,False,0,0,irregular nanoparticles,0,60.1,2.0,K,OH,0.0,0.5,2.0,980.0
199,False,False,True,False,True,False,False,False,0,0,irregular nanoparticles,0,60.1,2.0,K,OH,0.0,0.5,5.0,867.0
200,False,False,True,False,True,False,False,False,0,0,irregular nanoparticles,0,60.1,2.0,K,OH,0.0,0.5,10.0,738.0
201,False,False,True,False,False,False,False,False,0,0,irregular nanoparticles,0,51.2,2.0,K,OH,0.0,0.5,1.0,464.0
202,False,False,True,False,False,False,False,False,0,0,irregular nanoparticles,0,51.2,2.0,K,OH,0.0,0.5,2.0,437.0
203,False,False,True,False,False,False,False,False,0,0,irregular nanoparticles,0,51.2,2.0,K,OH,0.0,0.5,5.0,367.0
204,False,False,True,False,False,False,False,False,0,0,irregular nanoparticles,0,51.2,2.0,K,OH,0.0,0.5,10.0,297.0
205,False,False,True,False,False,False,False,True,derived carbon-based,3D porous,irregular nanoparticles,interconnection,253.8,6.0,K,OH,0.0,0.5,1.0,654.0
206,False,False,True,False,False,False,False,True,derived carbon-based,3D porous,irregular nanoparticles,interconnection,253.8,6.0,K,OH,0.0,0.5,2.0,616.0
207,False,False,True,False,False,False,False,True,derived carbon-based,3D porous,irregular nanoparticles,interconnection,253.8,6.0,K,OH,0.0,0.5,5.0,571.0
208,False,False,True,False,False,False,False,True,derived carbon-based,3D porous,irregular nanoparticles,interconnection,253.8,6.0,K,OH,0.0,0.5,7.0,560.0
209,False,False,True,False,False,False,False,True,derived carbon-based,3D porous,irregular nanoparticles,interconnection,253.8,6.0,K,OH,0.0,0.5,10.0,544.0
210,False,False,True,True,False,False,False,True,derived carbon-based,3D porous,irregular nanoparticles,supported,101.7,6.0,K,OH,0.0,0.45,1.0,3051.0
211,False,False,True,True,False,False,False,True,derived carbon-based,3D porous,irregular nanoparticles,supported,101.7,6.0,K,OH,0.0,0.45,2.0,2862.0
212,False,False,True,True,False,False,False,True,derived carbon-based,3D porous,irregular nanoparticles,supported,101.7,6.0,K,OH,0.0,0.45,3.0,2811.0
213,False,False,True,True,False,False,False,True,derived carbon-based,3D porous,irregular nanoparticles,supported,101.7,6.0,K,OH,0.0,0.45,5.0,2698.0
214,False,False,True,True,False,False,False,True,derived carbon-based,3D porous,irregular nanoparticles,supported,101.7,6.0,K,OH,0.0,0.45,10.0,2458.0
215,False,False,True,True,False,False,False,True,derived carbon-based,3D porous,irregular nanoparticles,supported,101.7,6.0,K,OH,0.0,0.45,15.0,2260.0
216,False,False,True,True,False,False,False,True,derived carbon-based,3D porous,irregular nanoparticles,supported,101.7,6.0,K,OH,0.0,0.45,20.0,2093.0
217,False,False,False,True,False,False,False,True,derived carbon-based,3D porous,nanoparticles,supported,60.3,6.0,K,OH,0.0,0.45,1.0,574.0
218,False,False,False,True,False,False,False,True,derived carbon-based,3D porous,nanoparticles,supported,60.3,6.0,K,OH,0.0,0.45,2.0,444.0
219,False,False,False,True,False,False,False,True,derived carbon-based,3D porous,nanoparticles,supported,60.3,6.0,K,OH,0.0,0.45,3.0,358.0
220,False,False,False,True,False,False,False,True,derived carbon-based,3D porous,nanoparticles,supported,60.3,6.0,K,OH,0.0,0.45,5.0,278.0
221,False,False,False,True,False,False,False,True,derived carbon-based,3D porous,nanoparticles,supported,60.3,6.0,K,OH,0.0,0.45,10.0,188.0
222,False,False,False,True,False,False,False,True,derived carbon-based,3D porous,nanoparticles,supported,60.3,6.0,K,OH,0.0,0.45,15.0,156.0
223,False,False,False,True,False,False,False,True,derived carbon-based,3D porous,nanoparticles,supported,60.3,6.0,K,OH,0.0,0.45,20.0,133.0
224,False,False,True,False,False,False,False,True,CNT,3D porous,nanosheets,supported,15.7,2.0,K,OH,0.0,0.5,2.0,535.0
225,False,False,True,False,False,False,False,True,CNT,3D porous,nanosheets,supported,15.7,2.0,K,OH,0.0,0.5,3.0,496.0
226,False,False,True,False,False,False,False,True,CNT,3D porous,nanosheets,supported,15.7,2.0,K,OH,0.0,0.5,5.0,462.0
227,False,False,True,False,False,False,False,True,CNT,3D porous,nanosheets,supported,15.7,2.0,K,OH,0.0,0.5,10.0,324.0
228,False,False,True,False,False,False,False,True,CNT,1D tubes,nanoparticles,interconnection,109.3,6.0,K,OH,0.0,0.5,1.0,589.0
229,False,False,True,False,False,False,False,True,CNT,1D tubes,nanoparticles,interconnection,109.3,6.0,K,OH,0.0,0.5,3.0,552.0
230,False,False,True,False,False,False,False,True,CNT,1D tubes,nanoparticles,interconnection,109.3,6.0,K,OH,0.0,0.5,5.0,530.0
231,False,False,True,False,False,False,False,True,CNT,1D tubes,nanoparticles,interconnection,109.3,6.0,K,OH,0.0,0.5,7.0,507.0
232,False,False,True,False,False,False,False,True,CNT,1D tubes,nanoparticles,interconnection,109.3,6.0,K,OH,0.0,0.5,10.0,479.0
233,False,False,True,False,False,False,False,True,CNT,1D tubes,nanoparticles,interconnection,128.4,6.0,K,OH,0.0,0.5,1.0,822.0
234,False,False,True,False,False,False,False,True,CNT,1D tubes,nanoparticles,interconnection,128.4,6.0,K,OH,0.0,0.5,3.0,753.0
235,False,False,True,False,False,False,False,True,CNT,1D tubes,nanoparticles,interconnection,128.4,6.0,K,OH,0.0,0.5,5.0,713.0
236,False,False,True,False,False,False,False,True,CNT,1D tubes,nanoparticles,interconnection,128.4,6.0,K,OH,0.0,0.5,7.0,682.0
237,False,False,True,False,False,False,False,True,CNT,1D tubes,nanoparticles,interconnection,128.4,6.0,K,OH,0.0,0.5,10.0,630.0
238,False,False,True,False,False,False,False,True,CNT,1D tubes,nanoparticles,interconnection,100.2,6.0,K,OH,0.0,0.5,1.0,448.0
239,False,False,True,False,False,False,False,True,CNT,1D tubes,nanoparticles,interconnection,100.2,6.0,K,OH,0.0,0.5,3.0,427.0
240,False,False,True,False,False,False,False,True,CNT,1D tubes,nanoparticles,interconnection,100.2,6.0,K,OH,0.0,0.5,5.0,406.0
241,False,False,True,False,False,False,False,True,CNT,1D tubes,nanoparticles,interconnection,100.2,6.0,K,OH,0.0,0.5,7.0,385.0
242,False,False,True,False,False,False,False,True,CNT,1D tubes,nanoparticles,interconnection,100.2,6.0,K,OH,0.0,0.5,10.0,348.0
243,False,False,True,False,False,False,False,True,derived carbon-based,3D special,nanoparticles,supported,98.1,2.0,K,OH,0.0,0.45,1.0,1246.0
244,False,False,True,False,False,False,False,True,derived carbon-based,3D special,nanoparticles,supported,98.1,2.0,K,OH,0.0,0.45,2.0,1178.0
245,False,False,True,False,False,False,False,True,derived carbon-based,3D special,nanoparticles,supported,98.1,2.0,K,OH,0.0,0.45,4.0,1088.0
246,False,False,True,False,False,False,False,True,derived carbon-based,3D special,nanoparticles,supported,98.1,2.0,K,OH,0.0,0.45,8.0,957.0
247,False,False,True,False,False,False,False,True,derived carbon-based,3D special,nanoparticles,supported,98.1,2.0,K,OH,0.0,0.45,16.0,787.0
288,False,False,True,False,False,False,False,True,derived carbon-based,3D porous,nanoparticles,coated,111.3,2.0,K,OH,0.0,0.5,1.0,1008.0
289,False,False,True,False,False,False,False,True,derived carbon-based,3D porous,nanoparticles,coated,111.3,2.0,K,OH,0.0,0.5,2.0,964.0
290,False,False,True,False,False,False,False,True,derived carbon-based,3D porous,nanoparticles,coated,111.3,2.0,K,OH,0.0,0.5,5.0,873.0
291,False,False,True,False,False,False,False,True,derived carbon-based,3D porous,nanoparticles,coated,111.3,2.0,K,OH,0.0,0.5,8.0,788.0
292,False,False,True,False,False,False,False,True,derived carbon-based,3D porous,nanoparticles,coated,111.3,2.0,K,OH,0.0,0.5,10.0,740.0
293,False,False,True,False,False,False,False,True,derived carbon-based,0D QDs,irregular nanoparticles,supported,427.2,2.0,K,OH,-0.4,0.5,1.0,808.0
294,False,False,True,False,False,False,False,True,derived carbon-based,0D QDs,irregular nanoparticles,supported,427.2,2.0,K,OH,-0.4,0.5,3.0,750.0
295,False,False,True,False,False,False,False,True,derived carbon-based,0D QDs,irregular nanoparticles,supported,427.2,2.0,K,OH,-0.4,0.5,7.0,710.0
296,False,False,True,False,False,False,False,True,derived carbon-based,0D QDs,irregular nanoparticles,supported,427.2,2.0,K,OH,-0.4,0.5,13.0,690.0
297,False,False,True,False,False,False,False,True,derived carbon-based,0D QDs,irregular nanoparticles,supported,427.2,2.0,K,OH,-0.4,0.5,25.0,650.0
298,False,False,True,False,False,False,False,True,derived carbon-based,0D QDs,irregular nanoparticles,supported,427.2,2.0,K,OH,-0.4,0.5,50.0,560.0
299,False,False,True,False,False,False,False,True,CNF,1D fibers,nanoparticles,supported,16.3,3.0,K,OH,0.0,0.45,1.0,518.0
300,False,False,True,False,False,False,False,True,CNF,1D fibers,nanoparticles,supported,16.3,3.0,K,OH,0.0,0.45,2.0,397.0
301,False,False,True,False,False,False,False,True,CNF,1D fibers,nanoparticles,supported,16.3,3.0,K,OH,0.0,0.45,3.0,331.0
302,False,False,True,False,False,False,False,True,CNF,1D fibers,nanoparticles,supported,16.3,3.0,K,OH,0.0,0.45,5.0,272.0
303,False,False,True,False,False,False,False,True,CNF,1D fibers,nanoparticles,supported,16.3,3.0,K,OH,0.0,0.45,10.0,215.0
304,False,False,True,False,False,False,False,True,CNF,1D fibers,nanoparticles,supported,22.4,3.0,K,OH,0.0,0.45,1.0,689.0
305,False,False,True,False,False,False,False,True,CNF,1D fibers,nanoparticles,supported,22.4,3.0,K,OH,0.0,0.45,2.0,538.0
306,False,False,True,False,False,False,False,True,CNF,1D fibers,nanoparticles,supported,22.4,3.0,K,OH,0.0,0.45,3.0,456.0
307,False,False,True,False,False,False,False,True,CNF,1D fibers,nanoparticles,supported,22.4,3.0,K,OH,0.0,0.45,5.0,384.0
308,False,False,True,False,False,False,False,True,CNF,1D fibers,nanoparticles,supported,22.4,3.0,K,OH,0.0,0.45,10.0,317.0
309,False,False,True,True,False,False,False,True,derived carbon-based,3D porous,nanoparticles,coated,109.1,6.0,K,OH,0.0,0.5,1.0,1325.0
310,False,False,True,True,False,False,False,True,derived carbon-based,3D porous,nanoparticles,coated,109.1,6.0,K,OH,0.0,0.5,2.0,1247.0
311,False,False,True,True,False,False,False,True,derived carbon-based,3D porous,nanoparticles,coated,109.1,6.0,K,OH,0.0,0.5,3.0,1161.0
312,False,False,True,True,False,False,False,True,derived carbon-based,3D porous,nanoparticles,coated,109.1,6.0,K,OH,0.0,0.5,5.0,1048.0
313,False,False,True,True,False,False,False,True,derived carbon-based,3D porous,nanoparticles,coated,109.1,6.0,K,OH,0.0,0.5,8.0,918.0
314,False,False,True,True,False,False,False,True,derived carbon-based,3D porous,nanoparticles,coated,109.1,6.0,K,OH,0.0,0.5,10.0,860.0
315,False,False,True,False,False,False,False,True,derived carbon-based,3D porous,irregular nanoparticles,interconnection,28.0,2.0,K,OH,0.0,0.4,0.5,146.0
316,False,False,True,False,False,False,False,True,derived carbon-based,3D porous,irregular nanoparticles,interconnection,28.0,2.0,K,OH,0.0,0.4,1.0,139.0
317,False,False,True,False,False,False,False,True,derived carbon-based,3D porous,irregular nanoparticles,interconnection,28.0,2.0,K,OH,0.0,0.4,2.0,125.0
318,False,False,True,False,False,False,False,True,derived carbon-based,3D porous,irregular nanoparticles,interconnection,28.0,2.0,K,OH,0.0,0.4,5.0,112.0
319,False,False,True,False,False,False,False,True,derived carbon-based,3D porous,irregular nanoparticles,interconnection,28.0,2.0,K,OH,0.0,0.4,10.0,72.0
320,False,False,True,False,False,False,False,True,derived carbon-based,3D porous,irregular nanoparticles,interconnection,8.0,2.0,K,OH,0.0,0.4,0.5,405.0
321,False,False,True,False,False,False,False,True,derived carbon-based,3D porous,irregular nanoparticles,interconnection,8.0,2.0,K,OH,0.0,0.4,1.0,385.0
322,False,False,True,False,False,False,False,True,derived carbon-based,3D porous,irregular nanoparticles,interconnection,8.0,2.0,K,OH,0.0,0.4,2.0,278.0
323,False,False,True,False,False,False,False,True,derived carbon-based,3D porous,irregular nanoparticles,interconnection,8.0,2.0,K,OH,0.0,0.4,5.0,200.0
324,False,False,True,False,False,False,False,True,derived carbon-based,3D porous,irregular nanoparticles,interconnection,8.0,2.0,K,OH,0.0,0.4,10.0,158.0
325,False,False,True,False,False,False,False,True,derived carbon-based,3D porous,irregular nanoparticles,interconnection,18.0,2.0,K,OH,0.0,0.4,0.5,825.0
326,False,False,True,False,False,False,False,True,derived carbon-based,3D porous,irregular nanoparticles,interconnection,18.0,2.0,K,OH,0.0,0.4,1.0,782.0
327,False,False,True,False,False,False,False,True,derived carbon-based,3D porous,irregular nanoparticles,interconnection,18.0,2.0,K,OH,0.0,0.4,2.0,550.0
328,False,False,True,False,False,False,False,True,derived carbon-based,3D porous,irregular nanoparticles,interconnection,18.0,2.0,K,OH,0.0,0.4,5.0,375.0
329,False,False,True,False,False,False,False,True,derived carbon-based,3D porous,irregular nanoparticles,interconnection,18.0,2.0,K,OH,0.0,0.4,10.0,268.0
330,False,False,True,False,False,False,False,True,derived carbon-based,3D special,nanoparticles,supported,208.0,2.0,K,OH,0.0,0.45,2.0,513.0
331,False,False,True,False,False,False,False,True,derived carbon-based,3D special,nanoparticles,supported,208.0,2.0,K,OH,0.0,0.45,5.0,434.0
332,False,False,True,False,False,False,False,True,derived carbon-based,3D special,nanoparticles,supported,208.0,2.0,K,OH,0.0,0.45,10.0,368.0
333,False,False,True,False,False,False,False,True,derived carbon-based,3D special,nanoparticles,supported,208.0,2.0,K,OH,0.0,0.45,15.0,324.0
334,False,False,False,True,False,False,False,False,0,0,hollow morph,0,24.2,2.0,Li,OH,0.0,0.55,5.0,1725.0
335,False,False,False,True,False,False,False,False,0,0,hollow morph,0,24.2,2.0,Li,OH,0.0,0.55,10.0,1584.0
336,False,False,False,True,False,False,False,False,0,0,hollow morph,0,24.2,2.0,Li,OH,0.0,0.55,15.0,1489.0
337,False,False,False,True,False,False,False,False,0,0,hollow morph,0,24.2,2.0,Li,OH,0.0,0.55,20.0,1411.0
338,False,False,False,True,False,False,False,False,0,0,hollow morph,0,24.2,2.0,Li,OH,0.0,0.55,30.0,1293.0
339,False,False,False,True,False,False,False,False,0,0,hollow morph,0,24.2,2.0,Li,OH,0.0,0.55,40.0,1193.0
340,False,False,False,True,False,False,False,False,0,0,irregular nanoparticles,0,19.9,6.0,K,OH,0.0,0.55,2.0,1073.0
341,False,False,False,True,False,False,False,False,0,0,irregular nanoparticles,0,19.9,6.0,K,OH,0.0,0.55,3.0,913.0
342,False,False,False,True,False,False,False,False,0,0,irregular nanoparticles,0,19.9,6.0,K,OH,0.0,0.55,5.0,745.0
343,False,False,False,True,False,False,False,False,0,0,irregular nanoparticles,0,19.9,6.0,K,OH,0.0,0.55,7.0,618.0
344,False,False,False,True,False,False,False,False,0,0,irregular nanoparticles,0,19.9,6.0,K,OH,0.0,0.55,10.0,481.0
345,False,False,False,True,False,False,False,False,0,0,irregular nanoparticles,0,6.3,1.0,K,OH,0.0,0.45,1.0,783.0
346,False,False,False,True,False,False,False,False,0,0,irregular nanoparticles,0,6.3,1.0,K,OH,0.0,0.45,2.0,590.0
347,False,False,False,True,False,False,False,False,0,0,irregular nanoparticles,0,6.3,1.0,K,OH,0.0,0.45,5.0,408.0
348,False,False,False,True,False,False,False,False,0,0,irregular nanoparticles,0,6.3,1.0,K,OH,0.0,0.45,10.0,310.0
349,False,False,False,True,False,False,False,False,0,0,irregular nanoparticles,0,6.3,1.0,K,OH,0.0,0.45,20.0,237.0
350,False,False,False,True,False,False,False,False,0,0,irregular nanoparticles,0,6.3,1.0,K,OH,0.0,0.45,50.0,169.0
351,False,False,False,True,False,False,False,False,0,0,bulk,0,66.5,6.0,K,OH,0.0,0.45,0.5,566.0
352,False,False,False,True,False,False,False,False,0,0,bulk,0,66.5,6.0,K,OH,0.0,0.45,1.0,537.0
353,False,False,False,True,False,False,False,False,0,0,bulk,0,66.5,6.0,K,OH,0.0,0.45,2.0,383.0
354,False,False,False,True,False,False,False,False,0,0,bulk,0,66.5,6.0,K,OH,0.0,0.45,4.0,219.0
355,False,False,False,True,False,False,False,False,0,0,bulk,0,66.5,6.0,K,OH,0.0,0.45,6.0,113.0
356,False,False,False,True,False,False,False,False,0,0,bulk,0,66.5,6.0,K,OH,0.0,0.45,8.0,48.0
357,False,False,False,True,False,False,False,False,0,0,bulk,0,66.5,6.0,K,OH,0.0,0.45,10.0,29.0
358,False,False,False,True,True,False,False,True,G-based,2D,irregular nanoparticles,supported,119.6,6.0,K,OH,0.0,0.45,0.5,645.0
359,False,False,False,True,True,False,False,True,G-based,2D,irregular nanoparticles,supported,119.6,6.0,K,OH,0.0,0.45,1.0,594.0
360,False,False,False,True,True,False,False,True,G-based,2D,irregular nanoparticles,supported,119.6,6.0,K,OH,0.0,0.45,2.0,426.0
361,False,False,False,True,True,False,False,True,G-based,2D,irregular nanoparticles,supported,119.6,6.0,K,OH,0.0,0.45,4.0,317.0
362,False,False,False,True,True,False,False,True,G-based,2D,irregular nanoparticles,supported,119.6,6.0,K,OH,0.0,0.45,6.0,253.0
363,False,False,False,True,True,False,False,True,G-based,2D,irregular nanoparticles,supported,119.6,6.0,K,OH,0.0,0.45,8.0,201.0
364,False,False,False,True,True,False,False,True,G-based,2D,irregular nanoparticles,supported,119.6,6.0,K,OH,0.0,0.45,10.0,128.0
365,False,False,False,True,False,False,False,False,0,0,flower-like clusters,0,11.4,2.0,Li,OH,0.0,0.6,1.0,1355.0
366,False,False,False,True,False,False,False,False,0,0,flower-like clusters,0,11.4,2.0,Li,OH,0.0,0.6,2.0,1240.0
367,False,False,False,True,False,False,False,False,0,0,flower-like clusters,0,11.4,2.0,Li,OH,0.0,0.6,5.0,1133.0
368,False,False,False,True,False,False,False,False,0,0,flower-like clusters,0,11.4,2.0,Li,OH,0.0,0.6,10.0,1050.0
369,False,False,False,True,False,False,False,False,0,0,flower-like clusters,0,11.4,2.0,Li,OH,0.0,0.6,15.0,1000.0
370,False,False,False,True,False,False,False,False,0,0,flower-like clusters,0,11.4,2.0,Li,OH,0.0,0.6,20.0,967.0
371,False,False,False,True,False,False,False,False,0,0,hollow morph,0,59.2,6.0,K,OH,0.0,0.55,1.0,1020.0
372,False,False,False,True,False,False,False,False,0,0,hollow morph,0,59.2,6.0,K,OH,0.0,0.55,2.0,821.0
373,False,False,False,True,False,False,False,False,0,0,hollow morph,0,59.2,6.0,K,OH,0.0,0.55,3.0,729.0
374,False,False,False,True,False,False,False,False,0,0,hollow morph,0,59.2,6.0,K,OH,0.0,0.55,5.0,644.0
375,False,False,False,True,False,False,False,False,0,0,hollow morph,0,59.2,6.0,K,OH,0.0,0.55,7.0,602.0
376,False,False,False,True,False,False,False,False,0,0,hollow morph,0,59.2,6.0,K,OH,0.0,0.55,10.0,535.0
419,False,False,False,True,False,False,False,True,G-based,3D special,irregular nanoparticles,embedded,46.0,6.0,K,OH,0.0,0.5,1.0,1443.0
420,False,False,False,True,False,False,False,True,G-based,3D special,irregular nanoparticles,embedded,46.0,6.0,K,OH,0.0,0.5,2.0,1027.0
421,False,False,False,True,False,False,False,True,G-based,3D special,irregular nanoparticles,embedded,46.0,6.0,K,OH,0.0,0.5,5.0,729.0
422,False,False,False,True,False,False,False,True,G-based,3D special,irregular nanoparticles,embedded,46.0,6.0,K,OH,0.0,0.5,10.0,475.0
423,False,False,False,True,False,False,False,True,G-based,3D special,irregular nanoparticles,embedded,46.0,6.0,K,OH,0.0,0.5,20.0,239.0
424,False,False,False,True,False,False,False,True,G-based,3D special,irregular nanoparticles,embedded,126.0,6.0,K,OH,0.0,0.5,1.0,1652.0
425,False,False,False,True,False,False,False,True,G-based,3D special,irregular nanoparticles,embedded,126.0,6.0,K,OH,0.0,0.5,2.0,1155.0
426,False,False,False,True,False,False,False,True,G-based,3D special,irregular nanoparticles,embedded,126.0,6.0,K,OH,0.0,0.5,5.0,926.0
427,False,False,False,True,False,False,False,True,G-based,3D special,irregular nanoparticles,embedded,126.0,6.0,K,OH,0.0,0.5,10.0,768.0
428,False,False,False,True,False,False,False,True,G-based,3D special,irregular nanoparticles,embedded,126.0,6.0,K,OH,0.0,0.5,20.0,594.0
429,False,False,False,True,False,False,False,True,G-based,3D special,irregular nanoparticles,embedded,111.0,6.0,K,OH,0.0,0.5,1.0,1467.0
430,False,False,False,True,False,False,False,True,G-based,3D special,irregular nanoparticles,embedded,111.0,6.0,K,OH,0.0,0.5,2.0,1061.0
431,False,False,False,True,False,False,False,True,G-based,3D special,irregular nanoparticles,embedded,111.0,6.0,K,OH,0.0,0.5,5.0,864.0
432,False,False,False,True,False,False,False,True,G-based,3D special,irregular nanoparticles,embedded,111.0,6.0,K,OH,0.0,0.5,10.0,684.0
433,False,False,False,True,False,False,False,True,G-based,3D special,irregular nanoparticles,embedded,111.0,6.0,K,OH,0.0,0.5,20.0,406.0
434,False,False,False,True,False,False,False,True,G-based,3D special,irregular nanoparticles,embedded,87.0,6.0,K,OH,0.0,0.5,1.0,1362.0
435,False,False,False,True,False,False,False,True,G-based,3D special,irregular nanoparticles,embedded,87.0,6.0,K,OH,0.0,0.5,2.0,968.0
436,False,False,False,True,False,False,False,True,G-based,3D special,irregular nanoparticles,embedded,87.0,6.0,K,OH,0.0,0.5,5.0,734.0
437,False,False,False,True,False,False,False,True,G-based,3D special,irregular nanoparticles,embedded,87.0,6.0,K,OH,0.0,0.5,10.0,556.0
438,False,False,False,True,False,False,False,True,G-based,3D special,irregular nanoparticles,embedded,87.0,6.0,K,OH,0.0,0.5,20.0,345.0
439,False,False,False,True,False,False,False,True,derived carbon-based,1D fibers,irregular nanoparticles,interconnection,62.6,6.0,K,OH,0.0,0.5,0.5,500.0
440,False,False,False,True,False,False,False,True,derived carbon-based,1D fibers,irregular nanoparticles,interconnection,62.6,6.0,K,OH,0.0,0.5,1.0,456.0
441,False,False,False,True,False,False,False,True,derived carbon-based,1D fibers,irregular nanoparticles,interconnection,62.6,6.0,K,OH,0.0,0.5,2.0,408.0
442,False,False,False,True,False,False,False,True,derived carbon-based,1D fibers,irregular nanoparticles,interconnection,62.6,6.0,K,OH,0.0,0.5,3.0,376.0
443,False,False,False,True,False,False,False,True,derived carbon-based,1D fibers,irregular nanoparticles,interconnection,62.6,6.0,K,OH,0.0,0.5,5.0,330.0
481,False,False,False,True,False,False,False,True,CNF,1D fibers,flower-like clusters,supported,72.6,3.0,K,OH,0.0,0.4,0.4,1168.0
482,False,False,False,True,False,False,False,True,CNF,1D fibers,flower-like clusters,supported,72.6,3.0,K,OH,0.0,0.4,0.8,1074.0
483,False,False,False,True,False,False,False,True,CNF,1D fibers,flower-like clusters,supported,72.6,3.0,K,OH,0.0,0.4,1.0,868.0
484,False,False,False,True,False,False,False,True,CNF,1D fibers,flower-like clusters,supported,72.6,3.0,K,OH,0.0,0.4,2.0,679.0
485,False,False,False,True,False,False,False,True,CNF,1D fibers,flower-like clusters,supported,72.6,3.0,K,OH,0.0,0.4,5.0,582.0
486,False,False,False,True,False,False,False,True,derived carbon-based,3D porous,nanoparticles,interconnection,12.0,2.0,K,OH,0.0,0.5,0.5,650.0
487,False,False,False,True,False,False,False,True,derived carbon-based,3D porous,nanoparticles,interconnection,12.0,2.0,K,OH,0.0,0.5,1.0,643.0
488,False,False,False,True,False,False,False,True,derived carbon-based,3D porous,nanoparticles,interconnection,12.0,2.0,K,OH,0.0,0.5,2.0,614.0
489,False,False,False,True,False,False,False,True,derived carbon-based,3D porous,nanoparticles,interconnection,12.0,2.0,K,OH,0.0,0.5,3.0,584.0
490,False,False,False,True,False,False,False,True,derived carbon-based,3D porous,nanoparticles,interconnection,12.0,2.0,K,OH,0.0,0.5,4.0,546.0
491,False,False,False,True,False,False,False,True,derived carbon-based,3D porous,nanoparticles,interconnection,12.0,2.0,K,OH,0.0,0.5,5.0,509.0
492,False,False,False,True,False,False,False,True,derived carbon-based,3D porous,nanoparticles,interconnection,43.5,2.0,K,OH,0.0,0.5,0.5,901.0
493,False,False,False,True,False,False,False,True,derived carbon-based,3D porous,nanoparticles,interconnection,43.5,2.0,K,OH,0.0,0.5,1.0,895.0
494,False,False,False,True,False,False,False,True,derived carbon-based,3D porous,nanoparticles,interconnection,43.5,2.0,K,OH,0.0,0.5,2.0,848.0
495,False,False,False,True,False,False,False,True,derived carbon-based,3D porous,nanoparticles,interconnection,43.5,2.0,K,OH,0.0,0.5,3.0,800.0
496,False,False,False,True,False,False,False,True,derived carbon-based,3D porous,nanoparticles,interconnection,43.5,2.0,K,OH,0.0,0.5,4.0,736.0
497,False,False,False,True,False,False,False,True,derived carbon-based,3D porous,nanoparticles,interconnection,43.5,2.0,K,OH,0.0,0.5,5.0,672.0
498,False,False,False,True,False,False,False,True,derived carbon-based,3D porous,nanoparticles,interconnection,52.2,2.0,K,OH,0.0,0.5,0.5,1573.0
499,False,False,False,True,False,False,False,True,derived carbon-based,3D porous,nanoparticles,interconnection,52.2,2.0,K,OH,0.0,0.5,1.0,1430.0
500,False,False,False,True,False,False,False,True,derived carbon-based,3D porous,nanoparticles,interconnection,52.2,2.0,K,OH,0.0,0.5,2.0,1251.0
501,False,False,False,True,False,False,False,True,derived carbon-based,3D porous,nanoparticles,interconnection,52.2,2.0,K,OH,0.0,0.5,3.0,1128.0
502,False,False,False,True,False,False,False,True,derived carbon-based,3D porous,nanoparticles,interconnection,52.2,2.0,K,OH,0.0,0.5,4.0,1024.0
503,False,False,False,True,False,False,False,True,derived carbon-based,3D porous,nanoparticles,interconnection,52.2,2.0,K,OH,0.0,0.5,5.0,930.0
504,False,False,False,True,False,False,False,True,derived carbon-based,3D porous,nanoparticles,interconnection,37.7,2.0,K,OH,0.0,0.5,0.5,729.0
505,False,False,False,True,False,False,False,True,derived carbon-based,3D porous,nanoparticles,interconnection,37.7,2.0,K,OH,0.0,0.5,1.0,678.0
506,False,False,False,True,False,False,False,True,derived carbon-based,3D porous,nanoparticles,interconnection,37.7,2.0,K,OH,0.0,0.5,2.0,614.0
507,False,False,False,True,False,False,False,True,derived carbon-based,3D porous,nanoparticles,interconnection,37.7,2.0,K,OH,0.0,0.5,3.0,549.0
508,False,False,False,True,False,False,False,True,derived carbon-based,3D porous,nanoparticles,interconnection,37.7,2.0,K,OH,0.0,0.5,4.0,478.0
509,False,False,False,True,False,False,False,True,derived carbon-based,3D porous,nanoparticles,interconnection,37.7,2.0,K,OH,0.0,0.5,5.0,419.0
510,False,False,False,True,False,False,False,True,derived carbon-based,3D porous,hollow morph,coated,18.0,2.0,K,OH,0.0,0.4,1.0,1708.0
511,False,False,False,True,False,False,False,True,derived carbon-based,3D porous,hollow morph,coated,18.0,2.0,K,OH,0.0,0.4,10.0,701.0
512,False,False,False,True,False,False,False,True,derived carbon-based,3D porous,hollow morph,coated,24.0,2.0,K,OH,0.0,0.4,1.0,1843.0
513,False,False,False,True,False,False,False,True,derived carbon-based,3D porous,hollow morph,coated,24.0,2.0,K,OH,0.0,0.4,2.0,1743.0
514,False,False,False,True,False,False,False,True,derived carbon-based,3D porous,hollow morph,coated,24.0,2.0,K,OH,0.0,0.4,3.0,1661.0
515,False,False,False,True,False,False,False,True,derived carbon-based,3D porous,hollow morph,coated,24.0,2.0,K,OH,0.0,0.4,5.0,1537.0
516,False,False,False,True,False,False,False,True,derived carbon-based,3D porous,hollow morph,coated,24.0,2.0,K,OH,0.0,0.4,7.0,1414.0
517,False,False,False,True,False,False,False,True,derived carbon-based,3D porous,hollow morph,coated,24.0,2.0,K,OH,0.0,0.4,10.0,1280.0
518,False,False,False,True,False,False,False,True,derived carbon-based,3D porous,hollow morph,coated,24.0,2.0,K,OH,0.0,0.4,15.0,1122.0
525,False,False,False,False,True,False,False,False,0,0,flower-like clusters,0,12.7,1.0,Na,SO4,-0.8,-0.3,1.0,100.0
526,False,False,False,False,True,False,False,False,0,0,flower-like clusters,0,12.7,1.0,Na,SO4,-0.8,-0.3,2.0,89.0
527,False,False,False,False,True,False,False,False,0,0,flower-like clusters,0,12.7,1.0,Na,SO4,-0.8,-0.3,3.0,83.0
528,False,False,False,False,True,False,False,False,0,0,flower-like clusters,0,12.7,1.0,Na,SO4,-0.8,-0.3,5.0,77.0
529,False,False,False,False,True,False,False,False,0,0,flower-like clusters,0,12.7,1.0,Na,SO4,-0.8,-0.3,7.0,72.0
530,False,False,False,False,True,False,False,False,0,0,flower-like clusters,0,12.7,1.0,Na,SO4,-0.8,-0.3,10.0,66.0
531,False,False,False,False,True,False,False,False,0,0,flower-like clusters,0,12.7,1.0,Na,SO4,-0.8,-0.3,15.0,58.0
532,False,False,False,False,True,False,False,False,0,0,flower-like clusters,0,12.7,1.0,Na,SO4,-0.8,-0.3,20.0,52.0
533,False,False,False,False,True,False,False,False,0,0,flower-like clusters,0,19.5,1.0,Na,SO4,-0.8,-0.3,1.0,180.0
534,False,False,False,False,True,False,False,False,0,0,flower-like clusters,0,19.5,1.0,Na,SO4,-0.8,-0.3,2.0,141.0
535,False,False,False,False,True,False,False,False,0,0,flower-like clusters,0,19.5,1.0,Na,SO4,-0.8,-0.3,3.0,130.0
536,False,False,False,False,True,False,False,False,0,0,flower-like clusters,0,19.5,1.0,Na,SO4,-0.8,-0.3,5.0,119.0
537,False,False,False,False,True,False,False,False,0,0,flower-like clusters,0,19.5,1.0,Na,SO4,-0.8,-0.3,7.0,113.0
538,False,False,False,False,True,False,False,False,0,0,flower-like clusters,0,19.5,1.0,Na,SO4,-0.8,-0.3,10.0,105.0
539,False,False,False,False,True,False,False,False,0,0,flower-like clusters,0,19.5,1.0,Na,SO4,-0.8,-0.3,15.0,95.0
540,False,False,False,False,True,False,False,False,0,0,flower-like clusters,0,19.5,1.0,Na,SO4,-0.8,-0.3,20.0,86.0
541,False,False,False,False,True,False,False,False,0,0,nanosheets,0,22.0,1.0,H,SO4,-0.1,0.6,0.5,148.0
542,False,False,False,False,True,False,False,False,0,0,nanosheets,0,22.0,1.0,H,SO4,-0.1,0.6,1.0,136.0
543,False,False,False,False,True,False,False,False,0,0,nanosheets,0,22.0,1.0,H,SO4,-0.1,0.6,2.0,123.0
544,False,False,False,False,True,False,False,False,0,0,nanosheets,0,22.0,1.0,H,SO4,-0.1,0.6,5.0,113.0
545,False,False,False,False,True,False,False,False,0,0,nanosheets,0,22.0,1.0,H,SO4,-0.1,0.6,10.0,102.0
546,False,False,False,False,True,False,False,False,0,0,nanosheets,0,22.0,1.0,H,SO4,-0.1,0.6,20.0,97.0
547,False,False,False,False,True,False,False,False,0,0,nanosheets,0,22.0,1.0,H,SO4,-0.1,0.6,30.0,94.0
548,False,False,False,False,True,False,False,False,0,0,flower-like clusters,0,18.7,1.0,K,Cl,-0.9,0.2,0.5,178.0
549,False,False,False,False,True,False,False,False,0,0,flower-like clusters,0,18.7,1.0,K,Cl,-0.9,0.2,1.0,168.0
550,False,False,False,False,True,False,False,False,0,0,flower-like clusters,0,18.7,1.0,K,Cl,-0.9,0.2,2.0,159.0
551,False,False,False,False,True,False,False,False,0,0,flower-like clusters,0,18.7,1.0,K,Cl,-0.9,0.2,4.0,148.0
552,False,False,False,False,True,False,False,False,0,0,flower-like clusters,0,21.1,1.0,Na,SO4,-0.8,0.2,1.0,129.0
553,False,False,False,False,True,False,False,False,0,0,flower-like clusters,0,21.1,1.0,Na,SO4,-0.8,0.2,1.5,115.0
554,False,False,False,False,True,False,False,False,0,0,flower-like clusters,0,21.1,1.0,Na,SO4,-0.8,0.2,3.0,102.0
555,False,False,False,False,True,False,False,False,0,0,flower-like clusters,0,21.1,1.0,Na,SO4,-0.8,0.2,5.0,92.0
556,False,False,False,False,True,False,False,False,0,0,flower-like clusters,0,21.1,1.0,Na,SO4,-0.8,0.2,10.0,74.0
557,False,False,False,False,True,False,False,False,0,0,nanosheets,0,6.6,1.0,Na,SO4,-0.8,0.2,0.1,226.0
558,False,False,False,False,True,False,False,False,0,0,nanosheets,0,6.6,1.0,Na,SO4,-0.8,0.2,0.2,151.0
559,False,False,False,False,True,False,False,False,0,0,nanosheets,0,6.6,1.0,Na,SO4,-0.8,0.2,0.3,134.0
560,False,False,False,False,True,False,False,False,0,0,nanosheets,0,6.6,1.0,Na,SO4,-0.8,0.2,0.5,102.0
561,False,False,False,False,True,False,False,False,0,0,nanosheets,0,6.6,1.0,Na,SO4,-0.8,0.2,0.6,85.0
562,False,False,False,False,True,False,False,False,0,0,nanosheets,0,6.6,1.0,Na,SO4,-0.8,0.2,0.7,75.0
563,False,False,False,False,True,False,False,False,0,0,nanosheets,0,6.6,1.0,Na,SO4,-0.8,0.2,1.0,35.0
564,False,False,False,False,True,False,False,True,G-based,2D,nanosheets,supported,365.8,1.0,Na,SO4,-0.8,0.2,0.1,270.0
565,False,False,False,False,True,False,False,True,G-based,2D,nanosheets,supported,365.8,1.0,Na,SO4,-0.8,0.2,0.2,240.0
566,False,False,False,False,True,False,False,True,G-based,2D,nanosheets,supported,365.8,1.0,Na,SO4,-0.8,0.2,0.3,180.0
567,False,False,False,False,True,False,False,True,G-based,2D,nanosheets,supported,365.8,1.0,Na,SO4,-0.8,0.2,0.5,155.0
568,False,False,False,False,True,False,False,True,G-based,2D,nanosheets,supported,365.8,1.0,Na,SO4,-0.8,0.2,0.6,136.0
569,False,False,False,False,True,False,False,True,G-based,2D,nanosheets,supported,365.8,1.0,Na,SO4,-0.8,0.2,0.7,126.0
570,False,False,False,False,True,False,False,True,G-based,2D,nanosheets,supported,365.8,1.0,Na,SO4,-0.8,0.2,1.0,90.0
571,False,False,False,False,True,False,False,True,CNF,1D fibers,flower-like clusters,supported,115.0,1.0,Na,SO4,-0.7,0.0,0.5,225.0
572,False,False,False,False,True,False,False,True,CNF,1D fibers,flower-like clusters,supported,115.0,1.0,Na,SO4,-0.7,0.0,1.0,215.0
573,False,False,False,False,True,False,False,True,CNF,1D fibers,flower-like clusters,supported,115.0,1.0,Na,SO4,-0.7,0.0,2.0,131.0
574,False,False,False,False,True,False,False,True,CNF,1D fibers,flower-like clusters,supported,115.0,1.0,Na,SO4,-0.7,0.0,3.0,120.0
575,False,False,False,False,True,False,False,True,CNF,1D fibers,flower-like clusters,supported,115.0,1.0,Na,SO4,-0.7,0.0,4.0,112.0
576,False,False,False,False,True,False,False,True,CNF,1D fibers,flower-like clusters,supported,115.0,1.0,Na,SO4,-0.7,0.0,5.0,106.0
577,False,False,False,False,True,False,False,False,0,0,flower-like clusters,0,30.0,3.0,K,OH,0.0,0.42,1.0,159.0
578,False,False,False,False,True,False,False,False,0,0,flower-like clusters,0,30.0,3.0,K,OH,0.0,0.42,2.0,149.0
579,False,False,False,False,True,False,False,False,0,0,flower-like clusters,0,30.0,3.0,K,OH,0.0,0.42,3.0,135.0
580,False,False,False,False,True,False,False,False,0,0,flower-like clusters,0,30.0,3.0,K,OH,0.0,0.42,5.0,124.0
581,False,False,False,False,True,False,False,False,0,0,flower-like clusters,0,30.0,3.0,K,OH,0.0,0.42,10.0,112.0
582,False,False,False,False,True,False,False,False,0,0,flower-like clusters,0,30.0,3.0,K,OH,0.0,0.42,20.0,99.0
583,False,False,False,False,True,False,False,True,derived carbon-based,3D special,flower-like clusters,embedded,39.4,3.0,K,OH,0.0,0.42,1.0,453.0
584,False,False,False,False,True,False,False,True,derived carbon-based,3D special,flower-like clusters,embedded,39.4,3.0,K,OH,0.0,0.42,2.0,404.0
585,False,False,False,False,True,False,False,True,derived carbon-based,3D special,flower-like clusters,embedded,39.4,3.0,K,OH,0.0,0.42,3.0,395.0
586,False,False,False,False,True,False,False,True,derived carbon-based,3D special,flower-like clusters,embedded,39.4,3.0,K,OH,0.0,0.42,5.0,386.0
587,False,False,False,False,True,False,False,True,derived carbon-based,3D special,flower-like clusters,embedded,39.4,3.0,K,OH,0.0,0.42,10.0,318.0
588,False,False,False,False,True,False,False,True,derived carbon-based,3D special,flower-like clusters,embedded,39.4,3.0,K,OH,0.0,0.42,20.0,273.0
589,False,False,False,False,True,False,False,False,0,0,flower-like clusters,0,9.3,6.0,K,OH,0.0,0.5,2.0,109.0
590,False,False,False,False,True,False,False,False,0,0,flower-like clusters,0,9.3,6.0,K,OH,0.0,0.5,5.0,100.0
591,False,False,False,False,True,False,False,False,0,0,flower-like clusters,0,9.3,6.0,K,OH,0.0,0.5,10.0,75.0
592,False,False,False,False,True,False,False,False,0,0,flower-like clusters,0,9.3,6.0,K,OH,0.0,0.5,15.0,61.0
593,False,False,False,False,True,False,False,True,G-based,2D,flower-like clusters,supported,10.3,6.0,K,OH,0.0,0.5,2.0,132.0
594,False,False,False,False,True,False,False,True,G-based,2D,flower-like clusters,supported,10.3,6.0,K,OH,0.0,0.5,5.0,111.0
595,False,False,False,False,True,False,False,True,G-based,2D,flower-like clusters,supported,10.3,6.0,K,OH,0.0,0.5,10.0,89.0
596,False,False,False,False,True,False,False,True,G-based,2D,flower-like clusters,supported,10.3,6.0,K,OH,0.0,0.5,15.0,66.0
597,False,False,False,False,True,False,False,True,G-based,2D,flower-like clusters,supported,15.0,6.0,K,OH,0.0,0.5,2.0,145.0
598,False,False,False,False,True,False,False,True,G-based,2D,flower-like clusters,supported,15.0,6.0,K,OH,0.0,0.5,5.0,132.0
599,False,False,False,False,True,False,False,True,G-based,2D,flower-like clusters,supported,15.0,6.0,K,OH,0.0,0.5,10.0,111.0
600,False,False,False,False,True,False,False,True,G-based,2D,flower-like clusters,supported,15.0,6.0,K,OH,0.0,0.5,15.0,98.0
601,False,False,False,False,True,False,False,True,G-based,2D,flower-like clusters,supported,26.1,6.0,K,OH,0.0,0.5,2.0,212.0
602,False,False,False,False,True,False,False,True,G-based,2D,flower-like clusters,supported,26.1,6.0,K,OH,0.0,0.5,5.0,155.0
603,False,False,False,False,True,False,False,True,G-based,2D,flower-like clusters,supported,26.1,6.0,K,OH,0.0,0.5,10.0,133.0
604,False,False,False,False,True,False,False,True,G-based,2D,flower-like clusters,supported,26.1,6.0,K,OH,0.0,0.5,15.0,105.0
605,False,False,False,False,True,False,False,True,G-based,2D,flower-like clusters,supported,13.3,6.0,K,OH,0.0,0.5,2.0,199.0
606,False,False,False,False,True,False,False,True,G-based,2D,flower-like clusters,supported,13.3,6.0,K,OH,0.0,0.5,5.0,136.0
607,False,False,False,False,True,False,False,True,G-based,2D,flower-like clusters,supported,13.3,6.0,K,OH,0.0,0.5,10.0,120.0
608,False,False,False,False,True,False,False,True,G-based,2D,flower-like clusters,supported,13.3,6.0,K,OH,0.0,0.5,15.0,100.0
609,False,False,False,False,True,False,False,False,0,0,nanosheets,0,21.1,1.0,Na,SO4,-0.8,0.2,1.0,119.0
610,False,False,False,False,True,False,False,False,0,0,nanosheets,0,21.1,1.0,Na,SO4,-0.8,0.2,1.5,108.0
611,False,False,False,False,True,False,False,False,0,0,nanosheets,0,21.1,1.0,Na,SO4,-0.8,0.2,3.0,94.0
612,False,False,False,False,True,False,False,False,0,0,nanosheets,0,21.1,1.0,Na,SO4,-0.8,0.2,5.0,85.0
613,False,False,False,False,True,False,False,False,0,0,nanosheets,0,21.1,1.0,Na,SO4,-0.8,0.2,10.0,71.0
614,False,False,False,False,True,False,False,True,derived carbon-based,3D porous,nanosheets,supported,918.0,1.0,Na,SO4,-0.8,0.2,1.0,251.0
615,False,False,False,False,True,False,False,True,derived carbon-based,3D porous,nanosheets,supported,918.0,1.0,Na,SO4,-0.8,0.2,1.5,233.0
616,False,False,False,False,True,False,False,True,derived carbon-based,3D porous,nanosheets,supported,918.0,1.0,Na,SO4,-0.8,0.2,3.0,215.0
617,False,False,False,False,True,False,False,True,derived carbon-based,3D porous,nanosheets,supported,918.0,1.0,Na,SO4,-0.8,0.2,5.0,196.0
618,False,False,False,False,True,False,False,True,derived carbon-based,3D porous,nanosheets,supported,918.0,1.0,Na,SO4,-0.8,0.2,10.0,181.0
619,False,False,False,False,True,False,False,True,G-based,2D,nanosheets,supported,70.1,1.0,H,SO4,-0.6,0.2,0.75,331.0
620,False,False,False,False,True,False,False,True,G-based,2D,nanosheets,supported,70.1,1.0,H,SO4,-0.6,0.2,1.0,310.0
621,False,False,False,False,True,False,False,True,G-based,2D,nanosheets,supported,70.1,1.0,H,SO4,-0.6,0.2,2.0,247.0
622,False,False,False,False,True,False,False,True,G-based,2D,nanosheets,supported,70.1,1.0,H,SO4,-0.6,0.2,3.0,231.0
623,False,False,False,False,True,False,False,True,G-based,2D,nanosheets,supported,70.1,1.0,H,SO4,-0.6,0.2,4.0,216.0
624,False,False,False,False,True,False,False,True,G-based,2D,nanosheets,supported,70.1,1.0,H,SO4,-0.6,0.2,5.0,206.0
625,False,False,False,False,True,False,False,True,G-based,2D,nanosheets,supported,70.1,1.0,H,SO4,-0.6,0.2,10.0,172.0
626,False,False,False,False,True,False,False,True,G-based,2D,nanosheets,supported,24.8,1.0,H,SO4,-0.6,0.2,0.75,103.0
627,False,False,False,False,True,False,False,False,0,0,irregular nanoparticles,0,1.8,1.0,K,OH,0.0,0.6,2.0,173.0
628,False,False,False,False,True,False,False,False,0,0,irregular nanoparticles,0,1.8,1.0,K,OH,0.0,0.6,4.0,169.0
629,False,False,False,False,True,False,False,False,0,0,irregular nanoparticles,0,1.8,1.0,K,OH,0.0,0.6,6.0,146.0
630,False,False,False,False,True,False,False,False,0,0,irregular nanoparticles,0,1.8,1.0,K,OH,0.0,0.6,8.0,125.0
631,False,False,False,False,True,False,False,False,0,0,irregular nanoparticles,0,1.8,1.0,K,OH,0.0,0.6,10.0,111.0
632,False,False,False,False,True,False,False,False,0,0,irregular nanoparticles,0,1.8,1.0,K,OH,0.0,0.6,20.0,102.0
633,False,False,False,False,True,False,True,True,G-based,2D,nanosheets,supported,109.0,3.0,K,OH,0.0,0.4,1.0,365.0
634,False,False,False,False,True,False,True,True,G-based,2D,nanosheets,supported,109.0,3.0,K,OH,0.0,0.4,2.0,343.0
635,False,False,False,False,True,False,True,True,G-based,2D,nanosheets,supported,109.0,3.0,K,OH,0.0,0.4,4.0,312.0
636,False,False,False,False,True,False,True,True,G-based,2D,nanosheets,supported,109.0,3.0,K,OH,0.0,0.4,8.0,280.0
637,False,False,False,False,False,True,False,False,0,0,flower-like clusters,0,64.8,2.0,K,OH,0.0,0.5,1.0,432.0
638,False,False,False,False,False,True,False,False,0,0,flower-like clusters,0,64.8,2.0,K,OH,0.0,0.5,2.0,399.0
639,False,False,False,False,False,True,False,False,0,0,flower-like clusters,0,64.8,2.0,K,OH,0.0,0.5,3.0,312.0
640,False,False,False,False,False,True,False,False,0,0,flower-like clusters,0,64.8,2.0,K,OH,0.0,0.5,5.0,272.0
641,False,False,False,False,False,True,False,False,0,0,flower-like clusters,0,64.8,2.0,K,OH,0.0,0.5,7.0,231.0
642,False,False,False,False,False,True,False,False,0,0,flower-like clusters,0,64.8,2.0,K,OH,0.0,0.5,8.0,157.0
643,False,False,False,False,False,True,False,False,0,0,flower-like clusters,0,64.8,2.0,K,OH,0.0,0.5,10.0,126.0
644,False,False,False,False,False,True,False,False,0,0,bulk,0,27.4,2.0,K,OH,0.0,0.5,1.0,113.0
645,False,False,False,False,False,True,False,False,0,0,bulk,0,27.4,2.0,K,OH,0.0,0.5,2.0,105.0
646,False,False,False,False,False,True,False,False,0,0,bulk,0,27.4,2.0,K,OH,0.0,0.5,3.0,68.0
647,False,False,False,False,False,True,False,False,0,0,bulk,0,27.4,2.0,K,OH,0.0,0.5,5.0,67.0
648,False,False,False,False,False,True,False,False,0,0,bulk,0,27.4,2.0,K,OH,0.0,0.5,7.0,44.0
649,False,False,False,False,False,True,False,False,0,0,bulk,0,27.4,2.0,K,OH,0.0,0.5,8.0,35.0
650,False,False,False,False,False,True,False,False,0,0,bulk,0,27.4,2.0,K,OH,0.0,0.5,10.0,29.0
651,False,False,False,False,False,True,False,False,0,0,irregular nanoparticles,0,32.9,2.0,K,OH,0.0,0.5,1.0,390.0
652,False,False,False,False,False,True,False,False,0,0,irregular nanoparticles,0,32.9,2.0,K,OH,0.0,0.5,2.0,366.0
653,False,False,False,False,False,True,False,False,0,0,irregular nanoparticles,0,32.9,2.0,K,OH,0.0,0.5,3.0,247.0
654,False,False,False,False,False,True,False,False,0,0,irregular nanoparticles,0,32.9,2.0,K,OH,0.0,0.5,5.0,240.0
655,False,False,False,False,False,True,False,False,0,0,irregular nanoparticles,0,32.9,2.0,K,OH,0.0,0.5,7.0,172.0
656,False,False,False,False,False,True,False,False,0,0,irregular nanoparticles,0,32.9,2.0,K,OH,0.0,0.5,8.0,121.0
657,False,False,False,False,False,True,False,False,0,0,irregular nanoparticles,0,32.9,2.0,K,OH,0.0,0.5,10.0,100.0
658,False,False,False,False,False,True,False,False,0,0,nanosheets,0,17.5,3.5,K,OH,-0.1,0.4,1.0,89.0
659,False,False,False,False,False,True,False,False,0,0,nanosheets,0,17.5,3.5,K,OH,-0.1,0.4,2.0,71.0
660,False,False,False,False,False,True,False,False,0,0,nanosheets,0,17.5,3.5,K,OH,-0.1,0.4,4.0,65.0
661,False,False,False,False,False,True,False,False,0,0,nanosheets,0,17.5,3.5,K,OH,-0.1,0.4,10.0,51.0
662,False,False,False,False,True,True,False,False,0,0,flower-like clusters,0,31.4,3.5,K,OH,-0.1,0.4,1.0,213.0
663,False,False,False,False,True,True,False,False,0,0,flower-like clusters,0,31.4,3.5,K,OH,-0.1,0.4,2.0,184.0
664,False,False,False,False,True,True,False,False,0,0,flower-like clusters,0,31.4,3.5,K,OH,-0.1,0.4,4.0,153.0
665,False,False,False,False,True,True,False,False,0,0,flower-like clusters,0,31.4,3.5,K,OH,-0.1,0.4,10.0,79.0
666,False,False,False,False,False,True,False,False,0,0,flower-like clusters,0,10.7,1.0,K,Cl,0.0,0.8,1.0,125.0
667,False,False,False,False,False,True,False,False,0,0,irregular nanoparticles,0,52.4,2.0,K,OH,0.0,0.42,1.0,497.0
668,False,False,False,False,False,True,False,False,0,0,irregular nanoparticles,0,52.4,2.0,K,OH,0.0,0.42,1.5,471.0
669,False,False,False,False,False,True,False,False,0,0,irregular nanoparticles,0,52.4,2.0,K,OH,0.0,0.42,2.0,454.0
670,False,False,False,False,False,True,False,False,0,0,irregular nanoparticles,0,52.4,2.0,K,OH,0.0,0.42,2.5,437.0
671,False,False,False,False,False,True,False,False,0,0,irregular nanoparticles,0,52.4,2.0,K,OH,0.0,0.42,3.0,429.0
672,False,False,False,False,False,True,False,False,0,0,irregular nanoparticles,0,52.4,2.0,K,OH,0.0,0.42,5.0,343.0
673,False,False,False,False,False,True,False,True,CNT,3D special,irregular nanoparticles,interconnection,64.3,2.0,K,OH,0.0,0.42,1.0,938.0
674,False,False,False,False,False,True,False,True,CNT,3D special,irregular nanoparticles,interconnection,64.3,2.0,K,OH,0.0,0.42,1.5,906.0
675,False,False,False,False,False,True,False,True,CNT,3D special,irregular nanoparticles,interconnection,64.3,2.0,K,OH,0.0,0.42,2.0,882.0
676,False,False,False,False,False,True,False,True,CNT,3D special,irregular nanoparticles,interconnection,64.3,2.0,K,OH,0.0,0.42,2.5,857.0
677,False,False,False,False,False,True,False,True,CNT,3D special,irregular nanoparticles,interconnection,64.3,2.0,K,OH,0.0,0.42,3.0,803.0
678,False,False,False,False,False,True,False,True,CNT,3D special,irregular nanoparticles,interconnection,64.3,2.0,K,OH,0.0,0.42,3.5,774.0
679,False,False,False,False,False,True,False,True,CNT,3D special,irregular nanoparticles,interconnection,64.3,2.0,K,OH,0.0,0.42,4.0,730.0
680,False,False,False,False,False,True,False,True,CNT,3D special,irregular nanoparticles,interconnection,64.3,2.0,K,OH,0.0,0.42,4.5,704.0
681,False,False,False,False,False,True,False,True,CNT,3D special,irregular nanoparticles,interconnection,64.3,2.0,K,OH,0.0,0.42,5.0,682.0
682,False,False,False,False,False,True,False,False,0,0,irregular nanoparticles,0,25.0,1.0,Li,SO4,-0.6,0.4,1.0,46.0
683,False,False,False,False,False,True,False,False,0,0,irregular nanoparticles,0,25.0,1.0,Na,SO4,-0.3,0.7,1.0,18.0
684,False,False,False,False,False,True,False,False,0,0,irregular nanoparticles,0,25.0,1.0,K,OH,-0.6,0.4,1.0,63.0
685,False,False,False,False,False,True,False,False,0,0,flower-like clusters,0,42.0,1.0,Li,SO4,-0.6,0.4,1.0,112.0
686,False,False,False,False,False,True,False,False,0,0,flower-like clusters,0,42.0,1.0,Na,SO4,-0.3,0.7,1.0,20.0
687,False,False,False,False,False,True,False,False,0,0,flower-like clusters,0,42.0,1.0,K,OH,-0.6,0.4,1.0,89.0
688,False,False,False,False,False,True,False,False,0,0,nanoparticles,0,72.4,1.0,Na,OH,-0.2,0.6,3.0,165.0
689,False,False,False,False,False,True,False,False,0,0,nanoparticles,0,72.4,1.0,Na,OH,-0.2,0.6,3.5,160.0
690,False,False,False,False,False,True,False,False,0,0,nanoparticles,0,72.4,1.0,Na,OH,-0.2,0.6,5.0,131.0
691,False,False,False,False,False,True,False,False,0,0,nanoparticles,0,72.4,1.0,Na,OH,-0.2,0.6,10.0,122.0
692,False,False,False,False,False,True,False,False,0,0,nanoparticles,0,72.4,1.0,Na,OH,-0.2,0.6,20.0,108.0
693,False,False,False,False,False,True,False,False,0,0,nanosheets,0,44.6,2.0,K,OH,-0.4,0.2,1.0,85.0
694,False,False,False,False,False,True,False,False,0,0,nanosheets,0,44.6,2.0,K,OH,-0.4,0.2,2.0,48.0
695,False,False,False,False,False,True,False,False,0,0,nanosheets,0,44.6,2.0,K,OH,-0.4,0.2,3.0,32.0
696,False,False,False,False,False,True,False,False,0,0,nanosheets,0,44.6,2.0,K,OH,-0.4,0.2,4.0,17.0
697,False,False,False,False,False,True,False,False,0,0,nanosheets,0,44.6,2.0,K,OH,-0.4,0.2,5.0,15.0
698,False,False,False,False,False,True,False,True,G-based,2D,nanosheets,coated,115.0,2.0,K,OH,-0.4,0.2,1.0,565.0
699,False,False,False,False,False,True,False,True,G-based,2D,nanosheets,coated,115.0,2.0,K,OH,-0.4,0.2,2.0,367.0
700,False,False,False,False,False,True,False,True,G-based,2D,nanosheets,coated,115.0,2.0,K,OH,-0.4,0.2,3.0,288.0
701,False,False,False,False,False,True,False,True,G-based,2D,nanosheets,coated,115.0,2.0,K,OH,-0.4,0.2,4.0,232.0
702,False,False,False,False,False,True,False,True,G-based,2D,nanosheets,coated,115.0,2.0,K,OH,-0.4,0.2,5.0,195.0
703,False,False,False,False,False,True,False,False,0,0,irregular nanoparticles,0,78.2,2.0,K,OH,0.0,0.45,0.3,125.0
704,False,False,False,False,False,True,False,False,0,0,irregular nanoparticles,0,78.2,2.0,K,OH,0.0,0.45,0.5,121.0
705,False,False,False,False,False,True,False,False,0,0,irregular nanoparticles,0,78.2,2.0,K,OH,0.0,0.45,1.0,107.0
706,False,False,False,False,False,True,False,False,0,0,irregular nanoparticles,0,78.2,2.0,K,OH,0.0,0.45,3.0,77.0
707,False,False,False,False,False,True,False,False,0,0,irregular nanoparticles,0,78.2,2.0,K,OH,0.0,0.45,5.0,65.0
708,False,False,False,False,False,True,False,False,0,0,irregular nanoparticles,0,78.2,2.0,K,OH,0.0,0.45,10.0,49.0
709,False,False,False,False,False,True,False,True,G-based,2D,irregular nanoparticles,supported,41.8,2.0,K,OH,0.0,0.45,0.3,274.0
710,False,False,False,False,False,True,False,True,G-based,2D,irregular nanoparticles,supported,41.8,2.0,K,OH,0.0,0.45,0.5,233.0
711,False,False,False,False,False,True,False,True,G-based,2D,irregular nanoparticles,supported,41.8,2.0,K,OH,0.0,0.45,1.0,201.0
712,False,False,False,False,False,True,False,True,G-based,2D,irregular nanoparticles,supported,41.8,2.0,K,OH,0.0,0.45,3.0,156.0
713,False,False,False,False,False,True,False,True,G-based,2D,irregular nanoparticles,supported,41.8,2.0,K,OH,0.0,0.45,5.0,134.0
714,False,False,False,False,False,True,False,True,G-based,2D,irregular nanoparticles,supported,41.8,2.0,K,OH,0.0,0.45,10.0,101.0
715,False,False,False,False,False,False,True,False,0,0,irregular nanoparticles,0,16.6,2.0,K,OH,-0.4,0.2,0.75,242.0
716,False,False,False,False,False,False,True,False,0,0,irregular nanoparticles,0,16.6,2.0,K,OH,-0.4,0.2,1.0,208.0
717,False,False,False,False,False,False,True,False,0,0,irregular nanoparticles,0,16.6,2.0,K,OH,-0.4,0.2,2.0,178.0
718,False,False,False,False,False,False,True,False,0,0,irregular nanoparticles,0,16.6,2.0,K,OH,-0.4,0.2,3.0,168.0
719,False,False,False,False,False,False,True,False,0,0,irregular nanoparticles,0,16.6,2.0,K,OH,-0.4,0.2,4.0,160.0
720,False,False,False,False,False,False,True,False,0,0,irregular nanoparticles,0,16.6,2.0,K,OH,-0.4,0.2,5.0,155.0
721,False,False,False,False,False,False,True,False,0,0,irregular nanoparticles,0,16.6,2.0,K,OH,-0.4,0.2,6.0,150.0
722,False,False,False,False,False,False,True,False,0,0,irregular nanoparticles,0,16.6,2.0,K,OH,-0.4,0.2,7.0,148.0
723,False,False,False,False,False,False,True,False,0,0,irregular nanoparticles,0,16.6,2.0,K,OH,-0.4,0.2,10.0,139.0
724,False,False,False,False,False,False,True,False,0,0,nanosheets,0,5.2,3.0,K,OH,0.0,0.55,1.0,262.0
725,False,False,False,False,False,False,True,False,0,0,nanosheets,0,5.2,3.0,K,OH,0.0,0.55,1.5,221.0
726,False,False,False,False,False,False,True,False,0,0,nanosheets,0,5.2,3.0,K,OH,0.0,0.55,2.0,164.0
727,False,False,False,False,False,False,True,False,0,0,nanosheets,0,5.2,3.0,K,OH,0.0,0.55,2.5,86.0
728,False,False,False,False,False,False,True,False,0,0,nanosheets,0,5.2,3.0,K,OH,0.0,0.55,3.0,65.0
729,False,False,False,False,False,False,True,False,0,0,flower-like clusters,0,39.9,1.0,H,SO4,-0.3,0.6,0.5,156.0
730,False,False,False,False,False,False,True,False,0,0,flower-like clusters,0,39.9,1.0,H,SO4,-0.3,0.6,0.8,113.0
731,False,False,False,False,False,False,True,False,0,0,flower-like clusters,0,39.9,1.0,H,SO4,-0.3,0.6,1.0,96.0
732,False,False,False,False,False,False,True,False,0,0,flower-like clusters,0,39.9,1.0,H,SO4,-0.3,0.6,3.0,74.0
733,False,False,False,False,False,False,True,False,0,0,flower-like clusters,0,39.9,1.0,H,SO4,-0.3,0.6,5.0,70.0
734,False,False,False,False,False,False,True,False,0,0,flower-like clusters,0,12.8,1.0,K,OH,0.0,0.8,0.25,244.0
735,False,False,False,False,False,False,True,False,0,0,flower-like clusters,0,12.8,1.0,K,OH,0.0,0.8,0.5,236.0
736,False,False,False,False,False,False,True,False,0,0,flower-like clusters,0,12.8,1.0,K,OH,0.0,0.8,1.0,228.0
737,False,False,False,False,False,False,True,False,0,0,flower-like clusters,0,12.8,1.0,K,OH,0.0,0.8,2.0,220.0
738,False,False,False,False,False,False,True,False,0,0,flower-like clusters,0,12.8,1.0,K,OH,0.0,0.8,5.0,208.0
739,False,False,False,False,False,False,True,False,0,0,irregular nanoparticles,0,3.6,2.0,K,OH,-0.2,0.4,0.2,265.0
740,False,False,False,False,False,False,True,False,0,0,irregular nanoparticles,0,3.6,2.0,K,OH,-0.2,0.4,0.5,245.0
741,False,False,False,False,False,False,True,False,0,0,irregular nanoparticles,0,3.6,2.0,K,OH,-0.2,0.4,1.0,221.0
742,False,False,False,False,False,False,True,False,0,0,irregular nanoparticles,0,3.6,2.0,K,OH,-0.2,0.4,2.0,206.0
743,False,False,False,False,False,False,True,False,0,0,irregular nanoparticles,0,3.6,2.0,K,OH,-0.2,0.4,4.0,175.0
744,False,False,False,False,False,False,True,False,0,0,irregular nanoparticles,0,3.6,2.0,K,OH,-0.2,0.4,10.0,134.0
745,False,False,False,False,False,False,True,True,derived carbon-based,3D porous,irregular nanoparticles,supported,565.2,2.0,K,OH,-0.2,0.4,0.2,1306.0
746,False,False,False,False,False,False,True,True,derived carbon-based,3D porous,irregular nanoparticles,supported,565.2,2.0,K,OH,-0.2,0.4,0.5,1231.0
747,False,False,False,False,False,False,True,True,derived carbon-based,3D porous,irregular nanoparticles,supported,565.2,2.0,K,OH,-0.2,0.4,1.0,1074.0
748,False,False,False,False,False,False,True,True,derived carbon-based,3D porous,irregular nanoparticles,supported,565.2,2.0,K,OH,-0.2,0.4,2.0,795.0
749,False,False,False,False,False,False,True,True,derived carbon-based,3D porous,irregular nanoparticles,supported,565.2,2.0,K,OH,-0.2,0.4,4.0,631.0
750,False,False,False,False,False,False,True,True,derived carbon-based,3D porous,irregular nanoparticles,supported,565.2,2.0,K,OH,-0.2,0.4,10.0,483.0
751,False,False,False,False,False,False,True,False,0,0,bulk,0,7.2,1.0,Na,OH,0.0,0.8,0.5,62.0
752,False,False,False,False,False,False,True,False,0,0,bulk,0,7.2,1.0,Na,OH,0.0,0.8,1.0,60.0
753,False,False,False,False,False,False,True,False,0,0,bulk,0,7.2,1.0,Na,OH,0.0,0.8,2.0,57.0
754,False,False,False,False,False,False,True,False,0,0,bulk,0,7.2,1.0,Na,OH,0.0,0.8,5.0,53.0
755,False,False,False,False,False,False,True,False,0,0,bulk,0,7.2,1.0,Na,OH,0.0,0.8,10.0,49.0
756,False,False,False,False,False,False,True,False,0,0,nanosheets,0,13.6,1.0,Na,OH,0.0,0.8,0.5,144.0
757,False,False,False,False,False,False,True,False,0,0,nanosheets,0,13.6,1.0,Na,OH,0.0,0.8,1.0,137.0
758,False,False,False,False,False,False,True,False,0,0,nanosheets,0,13.6,1.0,Na,OH,0.0,0.8,2.0,131.0
759,False,False,False,False,False,False,True,False,0,0,nanosheets,0,13.6,1.0,Na,OH,0.0,0.8,5.0,124.0
760,False,False,False,False,False,False,True,False,0,0,nanosheets,0,13.6,1.0,Na,OH,0.0,0.8,10.0,118.0
761,False,False,False,False,False,False,True,True,CNF,1D fibers,flower-like clusters,supported,28.6,1.0,Na,OH,0.0,0.8,0.25,113.0
762,False,False,False,False,False,False,True,True,CNF,1D fibers,flower-like clusters,supported,28.6,1.0,Na,OH,0.0,0.8,0.5,103.0
763,False,False,False,False,False,False,True,True,CNF,1D fibers,flower-like clusters,supported,28.6,1.0,Na,OH,0.0,0.8,1.0,99.0
764,False,False,False,False,False,False,True,True,CNF,1D fibers,flower-like clusters,supported,28.6,1.0,Na,OH,0.0,0.8,2.0,96.0
765,False,False,False,False,False,False,True,True,CNF,1D fibers,flower-like clusters,supported,28.6,1.0,Na,OH,0.0,0.8,5.0,91.0
766,False,False,False,True,False,False,True,True,CNF,1D fibers,flower-like clusters,supported,42.3,1.0,Na,OH,0.0,0.8,0.25,264.0
767,False,False,False,True,False,False,True,True,CNF,1D fibers,flower-like clusters,supported,42.3,1.0,Na,OH,0.0,0.8,0.5,253.0
768,False,False,False,True,False,False,True,True,CNF,1D fibers,flower-like clusters,supported,42.3,1.0,Na,OH,0.0,0.8,1.0,246.0
769,False,False,False,True,False,False,True,True,CNF,1D fibers,flower-like clusters,supported,42.3,1.0,Na,OH,0.0,0.8,2.0,241.0
770,False,False,False,True,False,False,True,True,CNF,1D fibers,flower-like clusters,supported,42.3,1.0,Na,OH,0.0,0.8,5.0,238.0
771,False,False,False,False,False,False,True,False,0,0,flower-like clusters,0,3.7,1.0,K,OH,0.0,0.5,0.2,368.0
772,False,False,False,False,False,False,True,False,0,0,flower-like clusters,0,3.7,1.0,K,OH,0.0,0.5,1.0,360.0
773,False,False,False,False,False,False,True,False,0,0,flower-like clusters,0,3.7,1.0,K,OH,0.0,0.5,3.0,287.0
774,False,False,False,False,False,False,True,False,0,0,flower-like clusters,0,3.7,1.0,K,OH,0.0,0.5,4.0,238.0
775,False,False,False,False,False,False,True,False,0,0,flower-like clusters,0,3.7,1.0,K,OH,0.0,0.5,8.0,177.0
776,False,False,False,False,False,False,True,False,0,0,flower-like clusters,0,3.7,1.0,K,OH,0.0,0.5,10.0,142.0
777,False,False,False,False,False,False,True,True,CNF,1D fibers,flower-like clusters,supported,10.8,1.0,K,OH,0.0,0.5,0.2,604.0
778,False,False,False,False,False,False,True,True,CNF,1D fibers,flower-like clusters,supported,10.8,1.0,K,OH,0.0,0.5,1.0,600.0
779,False,False,False,False,False,False,True,True,CNF,1D fibers,flower-like clusters,supported,10.8,1.0,K,OH,0.0,0.5,2.0,527.0
780,False,False,False,False,False,False,True,True,CNF,1D fibers,flower-like clusters,supported,10.8,1.0,K,OH,0.0,0.5,4.0,476.0
781,False,False,False,False,False,False,True,True,CNF,1D fibers,flower-like clusters,supported,10.8,1.0,K,OH,0.0,0.5,8.0,391.0
782,False,False,False,False,False,False,True,True,CNF,1D fibers,flower-like clusters,supported,10.8,1.0,K,OH,0.0,0.5,10.0,340.0
