Name,Ti,V,Mn,Fe,Co,Ni,Zr,Mo,Sn,W,CP,CM_type,CM_morph,MS2_morph,CP_morph,SSA,C,Cation,Anion,P_low,P_high,CD,Cs
rLGO-(TiS2)0.5,1,0,0,0,0,0,0,0,0,0,1,G-based,2D,irregular nanoparticles,supported,289.44,6.0,K,OH,-0.5,0.5,1.0,97.0
rLGO-TiS2,1,0,0,0,0,0,0,0,0,0,1,G-based,2D,irregular nanoparticles,supported,301.8,6.0,K,OH,-0.5,0.5,1.0,102.0
rSGO-TiS2,1,0,0,0,0,0,0,0,0,0,1,G-based,2D,irregular nanoparticles,supported,319.2,6.0,K,OH,-0.5,0.5,1.0,113.0
VS2,0,1,0,0,0,0,0,0,0,0,0,0,0,nanosheets,0,5.5,6.0,K,OH,0.0,0.5,1.0,152.0
VS2,0,1,0,0,0,0,0,0,0,0,0,0,0,nanosheets,0,5.5,6.0,K,OH,0.0,0.5,2.0,145.0
VS2,0,1,0,0,0,0,0,0,0,0,0,0,0,nanosheets,0,5.5,6.0,K,OH,0.0,0.5,5.0,136.0
VS2,0,1,0,0,0,0,0,0,0,0,0,0,0,nanosheets,0,5.5,6.0,K,OH,0.0,0.5,10.0,120.0
VS2,0,1,0,0,0,0,0,0,0,0,0,0,0,nanosheets,0,5.5,6.0,K,OH,0.0,0.5,15.0,90.0
VS2,0,1,0,0,0,0,0,0,0,0,0,0,0,irregular nanoparticles,0,15.59,2.0,K,OH,-0.1,0.45,0.2,320.7
VS2,0,1,0,0,0,0,0,0,0,0,0,0,0,irregular nanoparticles,0,15.59,2.0,K,OH,-0.1,0.45,0.5,289.9
VS2,0,1,0,0,0,0,0,0,0,0,0,0,0,irregular nanoparticles,0,15.59,2.0,K,OH,-0.1,0.45,1.0,269.7
VS2,0,1,0,0,0,0,0,0,0,0,0,0,0,irregular nanoparticles,0,15.59,2.0,K,OH,-0.1,0.45,2.0,238.4
VS2,0,1,0,0,0,0,0,0,0,0,0,0,0,irregular nanoparticles,0,15.59,2.0,K,OH,-0.1,0.45,4.0,198.7
VS2,0,1,0,0,0,0,0,0,0,0,0,0,0,irregular nanoparticles,0,15.59,2.0,K,OH,-0.1,0.45,10.0,155.8
VS2-NC,0,1,0,0,0,0,0,0,0,0,1,derived carbon-based,3D porous,irregular nanoparticles,embedded,69.72,2.0,K,OH,-0.1,0.45,0.2,836.7
VS2-NC,0,1,0,0,0,0,0,0,0,0,1,derived carbon-based,3D porous,irregular nanoparticles,embedded,69.72,2.0,K,OH,-0.1,0.45,0.5,789.8
VS2-NC,0,1,0,0,0,0,0,0,0,0,1,derived carbon-based,3D porous,irregular nanoparticles,embedded,69.72,2.0,K,OH,-0.1,0.45,1.0,702.2
VS2-NC,0,1,0,0,0,0,0,0,0,0,1,derived carbon-based,3D porous,irregular nanoparticles,embedded,69.72,2.0,K,OH,-0.1,0.45,2.0,616.5
VS2-NC,0,1,0,0,0,0,0,0,0,0,1,derived carbon-based,3D porous,irregular nanoparticles,embedded,69.72,2.0,K,OH,-0.1,0.45,4.0,468.9
VS2-NC,0,1,0,0,0,0,0,0,0,0,1,derived carbon-based,3D porous,irregular nanoparticles,embedded,69.72,2.0,K,OH,-0.1,0.45,10.0,407.3
VS2/G,0,1,0,0,0,0,0,0,0,0,1,G-based,3D special,irregular nanoparticles,supported,32.3,2.0,K,OH,0.0,0.5,1.0,211.0
VS2/G,0,1,0,0,0,0,0,0,0,0,1,G-based,3D special,irregular nanoparticles,supported,32.3,2.0,K,OH,0.0,0.5,2.0,202.56
VS2/G,0,1,0,0,0,0,0,0,0,0,1,G-based,3D special,irregular nanoparticles,supported,32.3,2.0,K,OH,0.0,0.5,10.0,170.91
VS2/G,0,1,0,0,0,0,0,0,0,0,1,G-based,3D special,irregular nanoparticles,supported,32.3,2.0,K,OH,0.0,0.5,20.0,135.04
FeS2,0,0,0,1,0,0,0,0,0,0,0,0,0,irregular nanoparticles,0,4.04,6.0,K,OH,-0.85,-0.3,0.5,163.0
FeS2,0,0,0,1,0,0,0,0,0,0,0,0,0,irregular nanoparticles,0,4.04,6.0,K,OH,-0.85,-0.3,1.0,92.0
FeS2,0,0,0,1,0,0,0,0,0,0,0,0,0,irregular nanoparticles,0,4.04,6.0,K,OH,-0.85,-0.3,2.0,82.0
FeS2,0,0,0,1,0,0,0,0,0,0,0,0,0,irregular nanoparticles,0,4.04,6.0,K,OH,-0.85,-0.3,3.0,78.0
FeS2,0,0,0,1,0,0,0,0,0,0,0,0,0,irregular nanoparticles,0,4.04,6.0,K,OH,-0.85,-0.3,5.0,75.0
FeS2,0,0,0,1,0,0,0,0,0,0,0,0,0,irregular nanoparticles,0,4.04,6.0,K,OH,-0.85,-0.3,10.0,74.0
GA-FeS2,0,0,0,1,0,0,0,0,0,0,1,G-based,2D,flower-like clusters,supported,8.39,6.0,K,OH,-0.85,-0.3,0.5,312.0
GA-FeS2,0,0,0,1,0,0,0,0,0,0,1,G-based,2D,flower-like clusters,supported,8.39,6.0,K,OH,-0.85,-0.3,1.0,288.0
GA-FeS2,0,0,0,1,0,0,0,0,0,0,1,G-based,2D,flower-like clusters,supported,8.39,6.0,K,OH,-0.85,-0.3,2.0,268.0
GA-FeS2,0,0,0,1,0,0,0,0,0,0,1,G-based,2D,flower-like clusters,supported,8.39,6.0,K,OH,-0.85,-0.3,3.0,216.0
GA-FeS2,0,0,0,1,0,0,0,0,0,0,1,G-based,2D,flower-like clusters,supported,8.39,6.0,K,OH,-0.85,-0.3,5.0,200.0
GA-FeS2,0,0,0,1,0,0,0,0,0,0,1,G-based,2D,flower-like clusters,supported,8.39,6.0,K,OH,-0.85,-0.3,10.0,172.0
FeS2@C@MoS2-200,0,0,0,1,0,0,0,1,0,0,1,derived carbon-based,3D special,flower-like clusters,coated,94.7,6.0,K,OH,0.0,0.4,2.0,1325.0
FeS2@C@MoS2-200,0,0,0,1,0,0,0,1,0,0,1,derived carbon-based,3D special,flower-like clusters,coated,94.7,6.0,K,OH,0.0,0.4,4.0,1138.0
FeS2@C@MoS2-200,0,0,0,1,0,0,0,1,0,0,1,derived carbon-based,3D special,flower-like clusters,coated,94.7,6.0,K,OH,0.0,0.4,6.0,1012.0
FeS2@C@MoS2-200,0,0,0,1,0,0,0,1,0,0,1,derived carbon-based,3D special,flower-like clusters,coated,94.7,6.0,K,OH,0.0,0.4,8.0,904.0
FeS2@C@MoS2-200,0,0,0,1,0,0,0,1,0,0,1,derived carbon-based,3D special,flower-like clusters,coated,94.7,6.0,K,OH,0.0,0.4,10.0,719.0
FeS2/NSG,0,0,0,1,0,0,0,0,0,0,1,G-based,2D,irregular nanoparticles,supported,218.4,6.0,K,OH,-0.6,0.0,1.0,529.0
FeS2/NSG,0,0,0,1,0,0,0,0,0,0,1,G-based,2D,irregular nanoparticles,supported,218.4,6.0,K,OH,-0.6,0.0,2.0,481.0
FeS2/NSG,0,0,0,1,0,0,0,0,0,0,1,G-based,2D,irregular nanoparticles,supported,218.4,6.0,K,OH,-0.6,0.0,5.0,443.0
FeS2/NSG,0,0,0,1,0,0,0,0,0,0,1,G-based,2D,irregular nanoparticles,supported,218.4,6.0,K,OH,-0.6,0.0,10.0,401.0
FeS2/NSG,0,0,0,1,0,0,0,0,0,0,1,G-based,2D,irregular nanoparticles,supported,218.4,6.0,K,OH,-0.6,0.0,20.0,349.0
NSA-FeS2,0,0,0,1,0,0,0,0,0,0,0,0,0,irregular nanoparticles,0,39.8,1.0,Na,SO3,-1.0,0.0,0.5,763.0
NSA-FeS2,0,0,0,1,0,0,0,0,0,0,0,0,0,irregular nanoparticles,0,39.8,1.0,Na,SO3,-1.0,0.0,1.0,720.0
NSA-FeS2,0,0,0,1,0,0,0,0,0,0,0,0,0,irregular nanoparticles,0,39.8,1.0,Na,SO3,-1.0,0.0,2.0,590.0
NSA-FeS2,0,0,0,1,0,0,0,0,0,0,0,0,0,irregular nanoparticles,0,39.8,1.0,Na,SO3,-1.0,0.0,3.0,429.0
NSA-FeS2,0,0,0,1,0,0,0,0,0,0,0,0,0,irregular nanoparticles,0,39.8,1.0,Na,SO3,-1.0,0.0,4.0,240.0
NSA-FeS2,0,0,0,1,0,0,0,0,0,0,0,0,0,irregular nanoparticles,0,39.8,1.0,Na,SO3,-1.0,0.0,5.0,105.0
MoS2,0,0,0,0,0,0,0,1,0,0,0,0,0,flower-like clusters,0,24.0,6.0,K,OH,0.0,1.0,1.0,216.0
MoS2,0,0,0,0,0,0,0,1,0,0,0,0,0,flower-like clusters,0,24.0,6.0,K,OH,0.0,1.0,2.0,160.0
MoS2,0,0,0,0,0,0,0,1,0,0,0,0,0,flower-like clusters,0,24.0,6.0,K,OH,0.0,1.0,3.0,140.0
MoS2,0,0,0,0,0,0,0,1,0,0,0,0,0,flower-like clusters,0,24.0,6.0,K,OH,0.0,1.0,4.0,121.0
MoS2,0,0,0,0,0,0,0,1,0,0,0,0,0,flower-like clusters,0,24.0,6.0,K,OH,0.0,1.0,5.0,109.0
MoS2,0,0,0,0,0,0,0,1,0,0,0,0,0,flower-like clusters,0,24.0,6.0,K,OH,0.0,1.0,7.0,86.0
MoS2@FeS2,0,0,0,1,0,0,0,1,0,0,0,0,0,core-shell nanoparticles,0,43.0,6.0,K,OH,0.0,1.0,1.0,386.0
MoS2@FeS2,0,0,0,1,0,0,0,1,0,0,0,0,0,core-shell nanoparticles,0,43.0,6.0,K,OH,0.0,1.0,2.0,274.0
MoS2@FeS2,0,0,0,1,0,0,0,1,0,0,0,0,0,core-shell nanoparticles,0,43.0,6.0,K,OH,0.0,1.0,3.0,230.0
MoS2@FeS2,0,0,0,1,0,0,0,1,0,0,0,0,0,core-shell nanoparticles,0,43.0,6.0,K,OH,0.0,1.0,4.0,179.0
MoS2@FeS2,0,0,0,1,0,0,0,1,0,0,0,0,0,core-shell nanoparticles,0,43.0,6.0,K,OH,0.0,1.0,5.0,163.0
MoS2@FeS2,0,0,0,1,0,0,0,1,0,0,0,0,0,core-shell nanoparticles,0,43.0,6.0,K,OH,0.0,1.0,7.0,154.0
FeS2,0,0,0,1,0,0,0,0,0,0,0,0,0,irregular nanoparticles,0,23.8,2.0,K,OH,-1.1,0.0,1.0,471.0
FeS2,0,0,0,1,0,0,0,0,0,0,0,0,0,irregular nanoparticles,0,23.8,2.0,K,OH,-1.1,0.0,2.0,398.0
FeS2,0,0,0,1,0,0,0,0,0,0,0,0,0,irregular nanoparticles,0,23.8,2.0,K,OH,-1.1,0.0,3.0,369.0
FeS2,0,0,0,1,0,0,0,0,0,0,0,0,0,irregular nanoparticles,0,23.8,2.0,K,OH,-1.1,0.0,5.0,356.0
FeS2,0,0,0,1,0,0,0,0,0,0,0,0,0,irregular nanoparticles,0,23.8,2.0,K,OH,-1.1,0.0,10.0,335.0
FeS2,0,0,0,1,0,0,0,0,0,0,0,0,0,irregular nanoparticles,0,23.8,2.0,K,OH,-1.1,0.0,15.0,321.0
FeS2,0,0,0,1,0,0,0,0,0,0,0,0,0,irregular nanoparticles,0,23.8,2.0,K,OH,-1.1,0.0,20.0,307.0
30% FeS2/3DPC,0,0,0,1,0,0,0,0,0,0,1,derived carbon-based,3D porous,irregular nanoparticles,embedded,17.37,1.0,K,OH,-1.2,-0.2,2.0,228.0
30% FeS2/3DPC,0,0,0,1,0,0,0,0,0,0,1,derived carbon-based,3D porous,irregular nanoparticles,embedded,17.37,1.0,K,OH,-1.2,-0.2,4.0,170.0
30% FeS2/3DPC,0,0,0,1,0,0,0,0,0,0,1,derived carbon-based,3D porous,irregular nanoparticles,embedded,17.37,1.0,K,OH,-1.2,-0.2,6.0,140.0
30% FeS2/3DPC,0,0,0,1,0,0,0,0,0,0,1,derived carbon-based,3D porous,irregular nanoparticles,embedded,17.37,1.0,K,OH,-1.2,-0.2,8.0,119.0
30% FeS2/3DPC,0,0,0,1,0,0,0,0,0,0,1,derived carbon-based,3D porous,irregular nanoparticles,embedded,17.37,1.0,K,OH,-1.2,-0.2,10.0,91.0
50% FeS2/3DPC,0,0,0,1,0,0,0,0,0,0,1,derived carbon-based,3D porous,irregular nanoparticles,embedded,27.36,1.0,K,OH,-1.2,-0.2,2.0,303.0
50% FeS2/3DPC,0,0,0,1,0,0,0,0,0,0,1,derived carbon-based,3D porous,irregular nanoparticles,embedded,27.36,1.0,K,OH,-1.2,-0.2,4.0,235.0
50% FeS2/3DPC,0,0,0,1,0,0,0,0,0,0,1,derived carbon-based,3D porous,irregular nanoparticles,embedded,27.36,1.0,K,OH,-1.2,-0.2,6.0,210.0
50% FeS2/3DPC,0,0,0,1,0,0,0,0,0,0,1,derived carbon-based,3D porous,irregular nanoparticles,embedded,27.36,1.0,K,OH,-1.2,-0.2,8.0,192.0
50% FeS2/3DPC,0,0,0,1,0,0,0,0,0,0,1,derived carbon-based,3D porous,irregular nanoparticles,embedded,27.36,1.0,K,OH,-1.2,-0.2,10.0,176.0
80% FeS2/3DPC,0,0,0,1,0,0,0,0,0,0,1,derived carbon-based,3D porous,irregular nanoparticles,embedded,11.0,1.0,K,OH,-1.2,-0.2,2.0,105.0
80% FeS2/3DPC,0,0,0,1,0,0,0,0,0,0,1,derived carbon-based,3D porous,irregular nanoparticles,embedded,11.0,1.0,K,OH,-1.2,-0.2,4.0,84.0
80% FeS2/3DPC,0,0,0,1,0,0,0,0,0,0,1,derived carbon-based,3D porous,irregular nanoparticles,embedded,11.0,1.0,K,OH,-1.2,-0.2,6.0,74.0
80% FeS2/3DPC,0,0,0,1,0,0,0,0,0,0,1,derived carbon-based,3D porous,irregular nanoparticles,embedded,11.0,1.0,K,OH,-1.2,-0.2,8.0,63.0
80% FeS2/3DPC,0,0,0,1,0,0,0,0,0,0,1,derived carbon-based,3D porous,irregular nanoparticles,embedded,11.0,1.0,K,OH,-1.2,-0.2,10.0,60.0
FeS2,0,0,0,1,0,0,0,0,0,0,0,0,0,irregular nanoparticles,0,3.6,2.0,K,OH,-1.1,0.0,3.0,459.0
FeS2,0,0,0,1,0,0,0,0,0,0,0,0,0,irregular nanoparticles,0,3.6,2.0,K,OH,-1.1,0.0,5.0,372.0
FeS2,0,0,0,1,0,0,0,0,0,0,0,0,0,irregular nanoparticles,0,3.6,2.0,K,OH,-1.1,0.0,10.0,309.0
FeS2,0,0,0,1,0,0,0,0,0,0,0,0,0,irregular nanoparticles,0,3.6,2.0,K,OH,-1.1,0.0,15.0,299.0
FeS2,0,0,0,1,0,0,0,0,0,0,0,0,0,irregular nanoparticles,0,3.6,2.0,K,OH,-1.1,0.0,20.0,289.0
FeS2,0,0,0,1,0,0,0,0,0,0,0,0,0,irregular nanoparticles,0,3.6,2.0,K,OH,-1.1,0.0,30.0,269.0
FeS2/GNS,0,0,0,1,0,0,0,0,0,0,1,G-based,2D,irregular nanoparticles,supported,135.0,2.0,K,OH,-1.1,0.0,3.0,721.0
FeS2/GNS,0,0,0,1,0,0,0,0,0,0,1,G-based,2D,irregular nanoparticles,supported,135.0,2.0,K,OH,-1.1,0.0,5.0,650.0
FeS2/GNS,0,0,0,1,0,0,0,0,0,0,1,G-based,2D,irregular nanoparticles,supported,135.0,2.0,K,OH,-1.1,0.0,10.0,621.0
FeS2/GNS,0,0,0,1,0,0,0,0,0,0,1,G-based,2D,irregular nanoparticles,supported,135.0,2.0,K,OH,-1.1,0.0,15.0,617.0
FeS2/GNS,0,0,0,1,0,0,0,0,0,0,1,G-based,2D,irregular nanoparticles,supported,135.0,2.0,K,OH,-1.1,0.0,20.0,614.0
FeS2/GNS,0,0,0,1,0,0,0,0,0,0,1,G-based,2D,irregular nanoparticles,supported,135.0,2.0,K,OH,-1.1,0.0,30.0,589.0
PFSG,0,0,0,1,0,0,0,0,0,0,1,G-based,2D,rods,supported,165.0,2.0,K,OH,-1.1,0.0,3.0,769.0
PFSG,0,0,0,1,0,0,0,0,0,0,1,G-based,2D,rods,supported,165.0,2.0,K,OH,-1.1,0.0,5.0,708.0
PFSG,0,0,0,1,0,0,0,0,0,0,1,G-based,2D,rods,supported,165.0,2.0,K,OH,-1.1,0.0,10.0,637.0
PFSG,0,0,0,1,0,0,0,0,0,0,1,G-based,2D,rods,supported,165.0,2.0,K,OH,-1.1,0.0,15.0,587.0
PFSG,0,0,0,1,0,0,0,0,0,0,1,G-based,2D,rods,supported,165.0,2.0,K,OH,-1.1,0.0,20.0,570.0
PFSG,0,0,0,1,0,0,0,0,0,0,1,G-based,2D,rods,supported,165.0,2.0,K,OH,-1.1,0.0,30.0,555.0
CoS2,0,0,0,0,1,0,0,0,0,0,0,0,0,hollow spheres,0,127.6,2.0,K,OH,-0.1,0.4,1.0,1301.0
CoS2,0,0,0,0,1,0,0,0,0,0,0,0,0,hollow spheres,0,127.6,2.0,K,OH,-0.1,0.4,2.5,1073.0
CoS2,0,0,0,0,1,0,0,0,0,0,0,0,0,hollow spheres,0,127.6,2.0,K,OH,-0.1,0.4,5.0,883.0
CoS2,0,0,0,0,1,0,0,0,0,0,0,0,0,hollow spheres,0,127.6,2.0,K,OH,-0.1,0.4,10.0,650.0
CoS2,0,0,0,0,1,0,0,0,0,0,0,0,0,hollow spheres,0,127.6,2.0,K,OH,-0.1,0.4,20.0,450.0
CoS2,0,0,0,0,1,0,0,0,0,0,0,0,0,double shell spheres,0,98.3,2.0,K,OH,-0.1,0.4,1.0,1180.0
CoS2,0,0,0,0,1,0,0,0,0,0,0,0,0,double shell spheres,0,98.3,2.0,K,OH,-0.1,0.4,2.5,952.0
CoS2,0,0,0,0,1,0,0,0,0,0,0,0,0,double shell spheres,0,98.3,2.0,K,OH,-0.1,0.4,5.0,733.0
CoS2,0,0,0,0,1,0,0,0,0,0,0,0,0,double shell spheres,0,98.3,2.0,K,OH,-0.1,0.4,10.0,531.0
CoS2,0,0,0,0,1,0,0,0,0,0,0,0,0,double shell spheres,0,98.3,2.0,K,OH,-0.1,0.4,20.0,339.0
CoS2,0,0,0,0,1,0,0,0,0,0,0,0,0,yolk-shell spheres,0,65.1,2.0,K,OH,-0.1,0.4,1.0,1079.0
CoS2,0,0,0,0,1,0,0,0,0,0,0,0,0,yolk-shell spheres,0,65.1,2.0,K,OH,-0.1,0.4,2.5,883.0
CoS2,0,0,0,0,1,0,0,0,0,0,0,0,0,yolk-shell spheres,0,65.1,2.0,K,OH,-0.1,0.4,5.0,681.0
CoS2,0,0,0,0,1,0,0,0,0,0,0,0,0,yolk-shell spheres,0,65.1,2.0,K,OH,-0.1,0.4,10.0,471.0
CoS2,0,0,0,0,1,0,0,0,0,0,0,0,0,yolk-shell spheres,0,65.1,2.0,K,OH,-0.1,0.4,20.0,271.0
CoS2,0,0,0,0,1,0,0,0,0,0,0,0,0,spheres,0,41.5,2.0,K,OH,-0.1,0.4,1.0,899.0
CoS2,0,0,0,0,1,0,0,0,0,0,0,0,0,spheres,0,41.5,2.0,K,OH,-0.1,0.4,2.5,733.0
CoS2,0,0,0,0,1,0,0,0,0,0,0,0,0,spheres,0,41.5,2.0,K,OH,-0.1,0.4,5.0,583.0
CoS2,0,0,0,0,1,0,0,0,0,0,0,0,0,spheres,0,41.5,2.0,K,OH,-0.1,0.4,10.0,388.0
CoS2,0,0,0,0,1,0,0,0,0,0,0,0,0,spheres,0,41.5,2.0,K,OH,-0.1,0.4,20.0,221.0
CoS2,0,0,0,0,1,0,0,0,0,0,0,0,0,bulk,0,3.2,2.0,K,OH,-0.1,0.4,1.0,624.0
CoS2,0,0,0,0,1,0,0,0,0,0,0,0,0,bulk,0,3.2,2.0,K,OH,-0.1,0.4,2.5,495.0
CoS2,0,0,0,0,1,0,0,0,0,0,0,0,0,bulk,0,3.2,2.0,K,OH,-0.1,0.4,5.0,345.0
CoS2,0,0,0,0,1,0,0,0,0,0,0,0,0,bulk,0,3.2,2.0,K,OH,-0.1,0.4,10.0,212.0
CoS2,0,0,0,0,1,0,0,0,0,0,0,0,0,bulk,0,3.2,2.0,K,OH,-0.1,0.4,20.0,93.0
CoS2,0,0,0,0,1,0,0,0,0,0,0,0,0,octahedron,0,17.46,2.0,K,OH,-0.1,0.5,1.0,236.5
CoS2,0,0,0,0,1,0,0,0,0,0,0,0,0,octahedron,0,17.46,2.0,K,OH,-0.1,0.5,2.0,225.3
CoS2,0,0,0,0,1,0,0,0,0,0,0,0,0,octahedron,0,17.46,2.0,K,OH,-0.1,0.5,5.0,203.3
CoS2,0,0,0,0,1,0,0,0,0,0,0,0,0,octahedron,0,17.46,2.0,K,OH,-0.1,0.5,10.0,175.0
CoS2,0,0,0,0,1,0,0,0,0,0,0,0,0,octahedron,0,17.46,2.0,K,OH,-0.1,0.5,15.0,152.5
CoS2,0,0,0,0,1,0,0,0,0,0,0,0,0,irregular nanoparticles,0,21.0,2.0,K,OH,0.0,0.4,2.0,624.1
CoS2/RGO-2,0,0,0,0,1,0,0,0,0,0,1,G-based,2D,irregular nanoparticles,coated,93.0,2.0,K,OH,0.0,0.4,2.0,929.0
CoS2/RGO-2,0,0,0,0,1,0,0,0,0,0,1,G-based,2D,irregular nanoparticles,coated,93.0,2.0,K,OH,0.0,0.4,4.0,855.0
CoS2/RGO-2,0,0,0,0,1,0,0,0,0,0,1,G-based,2D,irregular nanoparticles,coated,93.0,2.0,K,OH,0.0,0.4,8.0,798.0
CoS2/RGO-2,0,0,0,0,1,0,0,0,0,0,1,G-based,2D,irregular nanoparticles,coated,93.0,2.0,K,OH,0.0,0.4,14.0,713.0
CoS2/RGO-2,0,0,0,0,1,0,0,0,0,0,1,G-based,2D,irregular nanoparticles,coated,93.0,2.0,K,OH,0.0,0.4,20.0,677.0
CoS2@ETA-2,0,0,0,0,1,0,0,0,0,0,0,0,0,flower-like clusters,0,66.416,2.0,K,OH,-0.1,0.5,1.0,718.7
CoS2@ETA-2,0,0,0,0,1,0,0,0,0,0,0,0,0,flower-like clusters,0,66.416,2.0,K,OH,-0.1,0.5,2.0,696.7
CoS2@ETA-2,0,0,0,0,1,0,0,0,0,0,0,0,0,flower-like clusters,0,66.416,2.0,K,OH,-0.1,0.5,5.0,620.8
CoS2@ETA-2,0,0,0,0,1,0,0,0,0,0,0,0,0,flower-like clusters,0,66.416,2.0,K,OH,-0.1,0.5,10.0,536.7
CoS2@ETA-2,0,0,0,0,1,0,0,0,0,0,0,0,0,flower-like clusters,0,66.416,2.0,K,OH,-0.1,0.5,20.0,476.7
CoS2@ETA-4,0,0,0,0,1,0,0,0,0,0,0,0,0,flower-like clusters,0,46.204,2.0,K,OH,-0.1,0.5,1.0,554.0
CoS2@ETA-4,0,0,0,0,1,0,0,0,0,0,0,0,0,flower-like clusters,0,46.204,2.0,K,OH,-0.1,0.5,2.0,540.0
CoS2@ETA-4,0,0,0,0,1,0,0,0,0,0,0,0,0,flower-like clusters,0,46.204,2.0,K,OH,-0.1,0.5,5.0,497.0
CoS2@ETA-4,0,0,0,0,1,0,0,0,0,0,0,0,0,flower-like clusters,0,46.204,2.0,K,OH,-0.1,0.5,10.0,469.0
CoS2@ETA-4,0,0,0,0,1,0,0,0,0,0,0,0,0,flower-like clusters,0,46.204,2.0,K,OH,-0.1,0.5,20.0,417.0
CoS2@ETA-1,0,0,0,0,1,0,0,0,0,0,0,0,0,spheres,0,3.31,2.0,K,OH,-0.1,0.5,1.0,180.0
CoS2@ETA-1,0,0,0,0,1,0,0,0,0,0,0,0,0,spheres,0,3.31,2.0,K,OH,-0.1,0.5,2.0,167.0
CoS2@ETA-1,0,0,0,0,1,0,0,0,0,0,0,0,0,spheres,0,3.31,2.0,K,OH,-0.1,0.5,5.0,143.0
CoS2@ETA-1,0,0,0,0,1,0,0,0,0,0,0,0,0,spheres,0,3.31,2.0,K,OH,-0.1,0.5,10.0,115.0
CoS2@ETA-1,0,0,0,0,1,0,0,0,0,0,0,0,0,spheres,0,3.31,2.0,K,OH,-0.1,0.5,20.0,78.0
CoS2 NCs,0,0,0,0,1,0,0,0,0,0,0,0,0,irregular nanoparticles,0,29.3,2.0,K,OH,-0.2,0.45,0.5,654.0
CoS2 NCs,0,0,0,0,1,0,0,0,0,0,0,0,0,irregular nanoparticles,0,29.3,2.0,K,OH,-0.2,0.45,1.0,595.0
CoS2 NCs,0,0,0,0,1,0,0,0,0,0,0,0,0,irregular nanoparticles,0,29.3,2.0,K,OH,-0.2,0.45,5.0,499.0
Co-S-200,0,0,0,0,1,0,0,0,0,0,0,0,0,irregular nanoparticles,0,36.31,6.0,K,OH,0.0,0.4,0.5,996.16
Co-S-200,0,0,0,0,1,0,0,0,0,0,0,0,0,irregular nanoparticles,0,36.31,6.0,K,OH,0.0,0.4,1.0,986.95
Co-S-200,0,0,0,0,1,0,0,0,0,0,0,0,0,irregular nanoparticles,0,36.31,6.0,K,OH,0.0,0.4,2.0,979.9
Co-S-200,0,0,0,0,1,0,0,0,0,0,0,0,0,irregular nanoparticles,0,36.31,6.0,K,OH,0.0,0.4,3.0,972.75
Co-S-200,0,0,0,0,1,0,0,0,0,0,0,0,0,irregular nanoparticles,0,36.31,6.0,K,OH,0.0,0.4,4.0,966.0
Co-S-200,0,0,0,0,1,0,0,0,0,0,0,0,0,irregular nanoparticles,0,36.31,6.0,K,OH,0.0,0.4,5.0,957.5
Co-S-280,0,0,0,0,1,0,0,0,0,0,0,0,0,irregular nanoparticles,0,13.09,6.0,K,OH,0.0,0.4,0.5,354.13
Co-S-280,0,0,0,0,1,0,0,0,0,0,0,0,0,irregular nanoparticles,0,13.09,6.0,K,OH,0.0,0.4,1.0,342.5
Co-S-280,0,0,0,0,1,0,0,0,0,0,0,0,0,irregular nanoparticles,0,13.09,6.0,K,OH,0.0,0.4,2.0,321.7
Co-S-280,0,0,0,0,1,0,0,0,0,0,0,0,0,irregular nanoparticles,0,13.09,6.0,K,OH,0.0,0.4,3.0,307.7
Co-S-280,0,0,0,0,1,0,0,0,0,0,0,0,0,irregular nanoparticles,0,13.09,6.0,K,OH,0.0,0.4,4.0,294.5
Co-S-280,0,0,0,0,1,0,0,0,0,0,0,0,0,irregular nanoparticles,0,13.09,6.0,K,OH,0.0,0.4,5.0,289.5
CoS2,0,0,0,0,1,0,0,0,0,0,0,0,0,hollow cubes,0,113.9,2.0,K,OH,-0.1,0.4,1.0,936.0
CoS2,0,0,0,0,1,0,0,0,0,0,0,0,0,hollow cubes,0,113.9,2.0,K,OH,-0.1,0.4,2.0,883.2
CoS2,0,0,0,0,1,0,0,0,0,0,0,0,0,hollow cubes,0,113.9,2.0,K,OH,-0.1,0.4,5.0,810.0
CoS2,0,0,0,0,1,0,0,0,0,0,0,0,0,hollow cubes,0,113.9,2.0,K,OH,-0.1,0.4,10.0,746.0
CoS2,0,0,0,0,1,0,0,0,0,0,0,0,0,hollow cubes,0,113.9,2.0,K,OH,-0.1,0.4,20.0,686.4
CoS2,0,0,0,0,1,0,0,0,0,0,0,0,0,cubes,0,67.08,3.0,K,OH,0.0,0.45,1.0,426.6
CoS2,0,0,0,0,1,0,0,0,0,0,0,0,0,cubes,0,67.08,3.0,K,OH,0.0,0.45,10.0,404.8
CoS2,0,0,0,0,1,0,0,0,0,0,0,0,0,cubes,0,67.08,3.0,K,OH,0.0,0.45,20.0,382.7
NiS2,0,0,0,0,0,1,0,0,0,0,0,0,0,nanoparticles,0,201.38,3.0,K,OH,0.0,0.45,1.0,951.6
NiS2,0,0,0,0,0,1,0,0,0,0,0,0,0,nanoparticles,0,201.38,3.0,K,OH,0.0,0.45,2.0,809.0
NiS2,0,0,0,0,0,1,0,0,0,0,0,0,0,nanoparticles,0,201.38,3.0,K,OH,0.0,0.45,3.0,743.0
NiS2,0,0,0,0,0,1,0,0,0,0,0,0,0,nanoparticles,0,201.38,3.0,K,OH,0.0,0.45,5.0,669.0
NiS2,0,0,0,0,0,1,0,0,0,0,0,0,0,nanoparticles,0,201.38,3.0,K,OH,0.0,0.45,10.0,553.0
NiS2,0,0,0,0,0,1,0,0,0,0,0,0,0,nanoparticles,0,201.38,3.0,K,OH,0.0,0.45,20.0,442.0
CoS2@NiS2,0,0,0,0,1,1,0,0,0,0,0,0,0,cubes,0,78.44,3.0,K,OH,0.0,0.45,1.0,1731.2
CoS2@NiS2,0,0,0,0,1,1,0,0,0,0,0,0,0,cubes,0,78.44,3.0,K,OH,0.0,0.45,2.0,1679.0
CoS2@NiS2,0,0,0,0,1,1,0,0,0,0,0,0,0,cubes,0,78.44,3.0,K,OH,0.0,0.45,3.0,1640.0
CoS2@NiS2,0,0,0,0,1,1,0,0,0,0,0,0,0,cubes,0,78.44,3.0,K,OH,0.0,0.45,5.0,1571.0
CoS2@NiS2,0,0,0,0,1,1,0,0,0,0,0,0,0,cubes,0,78.44,3.0,K,OH,0.0,0.45,10.0,1446.0
CoS2@NiS2,0,0,0,0,1,1,0,0,0,0,0,0,0,cubes,0,78.44,3.0,K,OH,0.0,0.45,20.0,1329.7
CoS2 HNs,0,0,0,0,1,0,0,0,0,0,0,0,0,hollow cubes,0,326.2,6.0,K,OH,0.0,0.36,0.5,703.3
CoS2 HNs,0,0,0,0,1,0,0,0,0,0,0,0,0,hollow cubes,0,326.2,6.0,K,OH,0.0,0.36,10.0,509.96
MoS2,0,0,0,0,0,0,0,1,0,0,0,0,0,flower-like clusters,0,58.2,2.0,K,OH,0.0,0.5,1.0,116.8
MoS2,0,0,0,0,0,0,0,1,0,0,0,0,0,flower-like clusters,0,58.2,2.0,K,OH,0.0,0.5,2.0,102.0
MoS2,0,0,0,0,0,0,0,1,0,0,0,0,0,flower-like clusters,0,58.2,2.0,K,OH,0.0,0.5,5.0,72.0
MoS2,0,0,0,0,0,0,0,1,0,0,0,0,0,flower-like clusters,0,58.2,2.0,K,OH,0.0,0.5,10.0,44.0
CM-2,0,0,0,0,1,0,0,1,0,0,0,0,0,irregular nanoparticles,0,60.1,2.0,K,OH,0.0,0.5,1.0,1038.0
CM-2,0,0,0,0,1,0,0,1,0,0,0,0,0,irregular nanoparticles,0,60.1,2.0,K,OH,0.0,0.5,2.0,980.0
CM-2,0,0,0,0,1,0,0,1,0,0,0,0,0,irregular nanoparticles,0,60.1,2.0,K,OH,0.0,0.5,5.0,867.0
CM-2,0,0,0,0,1,0,0,1,0,0,0,0,0,irregular nanoparticles,0,60.1,2.0,K,OH,0.0,0.5,10.0,738.0
CoS2,0,0,0,0,1,0,0,0,0,0,0,0,0,irregular nanoparticles,0,51.2,2.0,K,OH,0.0,0.5,1.0,464.4
CoS2,0,0,0,0,1,0,0,0,0,0,0,0,0,irregular nanoparticles,0,51.2,2.0,K,OH,0.0,0.5,2.0,437.0
CoS2,0,0,0,0,1,0,0,0,0,0,0,0,0,irregular nanoparticles,0,51.2,2.0,K,OH,0.0,0.5,5.0,367.0
CoS2,0,0,0,0,1,0,0,0,0,0,0,0,0,irregular nanoparticles,0,51.2,2.0,K,OH,0.0,0.5,10.0,297.0
CoS2/NSC-CNT-p,0,0,0,0,1,0,0,0,0,0,1,derived carbon-based,3D porous,irregular nanoparticles,interconnection,253.8,6.0,K,OH,0.0,0.5,1.0,653.8
CoS2/NSC-CNT-p,0,0,0,0,1,0,0,0,0,0,1,derived carbon-based,3D porous,irregular nanoparticles,interconnection,253.8,6.0,K,OH,0.0,0.5,2.0,616.4
CoS2/NSC-CNT-p,0,0,0,0,1,0,0,0,0,0,1,derived carbon-based,3D porous,irregular nanoparticles,interconnection,253.8,6.0,K,OH,0.0,0.5,5.0,571.0
CoS2/NSC-CNT-p,0,0,0,0,1,0,0,0,0,0,1,derived carbon-based,3D porous,irregular nanoparticles,interconnection,253.8,6.0,K,OH,0.0,0.5,7.0,560.2
CoS2/NSC-CNT-p,0,0,0,0,1,0,0,0,0,0,1,derived carbon-based,3D porous,irregular nanoparticles,interconnection,253.8,6.0,K,OH,0.0,0.5,10.0,544.2
CoS2@NiS2-C,0,0,0,0,1,1,0,0,0,0,1,derived carbon-based,3D porous,irregular nanoparticles,supported,101.67,6.0,K,OH,0.0,0.45,1.0,3051.11111111111
CoS2@NiS2-C,0,0,0,0,1,1,0,0,0,0,1,derived carbon-based,3D porous,irregular nanoparticles,supported,101.67,6.0,K,OH,0.0,0.45,2.0,2862.22222222222
CoS2@NiS2-C,0,0,0,0,1,1,0,0,0,0,1,derived carbon-based,3D porous,irregular nanoparticles,supported,101.67,6.0,K,OH,0.0,0.45,3.0,2811.11111111111
CoS2@NiS2-C,0,0,0,0,1,1,0,0,0,0,1,derived carbon-based,3D porous,irregular nanoparticles,supported,101.67,6.0,K,OH,0.0,0.45,5.0,2697.77777777778
CoS2@NiS2-C,0,0,0,0,1,1,0,0,0,0,1,derived carbon-based,3D porous,irregular nanoparticles,supported,101.67,6.0,K,OH,0.0,0.45,10.0,2457.77777777778
CoS2@NiS2-C,0,0,0,0,1,1,0,0,0,0,1,derived carbon-based,3D porous,irregular nanoparticles,supported,101.67,6.0,K,OH,0.0,0.45,15.0,2260.0
CoS2@NiS2-C,0,0,0,0,1,1,0,0,0,0,1,derived carbon-based,3D porous,irregular nanoparticles,supported,101.67,6.0,K,OH,0.0,0.45,20.0,2093.33333333333
CoS2@C,0,0,0,0,0,1,0,0,0,0,1,derived carbon-based,3D porous,nanoparticles,supported,60.27,6.0,K,OH,0.0,0.45,1.0,574.0
CoS2@C,0,0,0,0,0,1,0,0,0,0,1,derived carbon-based,3D porous,nanoparticles,supported,60.27,6.0,K,OH,0.0,0.45,2.0,444.0
CoS2@C,0,0,0,0,0,1,0,0,0,0,1,derived carbon-based,3D porous,nanoparticles,supported,60.27,6.0,K,OH,0.0,0.45,3.0,358.0
CoS2@C,0,0,0,0,0,1,0,0,0,0,1,derived carbon-based,3D porous,nanoparticles,supported,60.27,6.0,K,OH,0.0,0.45,5.0,278.0
CoS2@C,0,0,0,0,0,1,0,0,0,0,1,derived carbon-based,3D porous,nanoparticles,supported,60.27,6.0,K,OH,0.0,0.45,10.0,188.0
CoS2@C,0,0,0,0,0,1,0,0,0,0,1,derived carbon-based,3D porous,nanoparticles,supported,60.27,6.0,K,OH,0.0,0.45,15.0,156.0
CoS2@C,0,0,0,0,0,1,0,0,0,0,1,derived carbon-based,3D porous,nanoparticles,supported,60.27,6.0,K,OH,0.0,0.45,20.0,133.0
CoS2/MWCNT,0,0,0,0,1,0,0,0,0,0,1,CNT,3D porous,nanosheets,supported,15.735,2.0,K,OH,0.0,0.5,2.0,535.0
CoS2/MWCNT,0,0,0,0,1,0,0,0,0,0,1,CNT,3D porous,nanosheets,supported,15.735,2.0,K,OH,0.0,0.5,3.0,496.0
CoS2/MWCNT,0,0,0,0,1,0,0,0,0,0,1,CNT,3D porous,nanosheets,supported,15.735,2.0,K,OH,0.0,0.5,5.0,462.0
CoS2/MWCNT,0,0,0,0,1,0,0,0,0,0,1,CNT,3D porous,nanosheets,supported,15.735,2.0,K,OH,0.0,0.5,10.0,324.0
CNT@CoS2-10,0,0,0,0,1,0,0,0,0,0,1,CNT,1D tubes,spheres,interconnection,109.3,6.0,K,OH,0.0,0.5,1.0,589.0
CNT@CoS2-10,0,0,0,0,1,0,0,0,0,0,1,CNT,1D tubes,spheres,interconnection,109.3,6.0,K,OH,0.0,0.5,3.0,552.0
CNT@CoS2-10,0,0,0,0,1,0,0,0,0,0,1,CNT,1D tubes,spheres,interconnection,109.3,6.0,K,OH,0.0,0.5,5.0,530.0
CNT@CoS2-10,0,0,0,0,1,0,0,0,0,0,1,CNT,1D tubes,spheres,interconnection,109.3,6.0,K,OH,0.0,0.5,7.0,507.0
CNT@CoS2-10,0,0,0,0,1,0,0,0,0,0,1,CNT,1D tubes,spheres,interconnection,109.3,6.0,K,OH,0.0,0.5,10.0,479.0
CNT@CoS2-20,0,0,0,0,1,0,0,0,0,0,1,CNT,1D tubes,spheres,interconnection,128.4,6.0,K,OH,0.0,0.5,1.0,822.0
CNT@CoS2-20,0,0,0,0,1,0,0,0,0,0,1,CNT,1D tubes,spheres,interconnection,128.4,6.0,K,OH,0.0,0.5,3.0,753.0
CNT@CoS2-20,0,0,0,0,1,0,0,0,0,0,1,CNT,1D tubes,spheres,interconnection,128.4,6.0,K,OH,0.0,0.5,5.0,713.0
CNT@CoS2-20,0,0,0,0,1,0,0,0,0,0,1,CNT,1D tubes,spheres,interconnection,128.4,6.0,K,OH,0.0,0.5,7.0,682.0
CNT@CoS2-20,0,0,0,0,1,0,0,0,0,0,1,CNT,1D tubes,spheres,interconnection,128.4,6.0,K,OH,0.0,0.5,10.0,630.0
CNT@CoS2-30,0,0,0,0,1,0,0,0,0,0,1,CNT,1D tubes,spheres,interconnection,100.2,6.0,K,OH,0.0,0.5,1.0,448.0
CNT@CoS2-30,0,0,0,0,1,0,0,0,0,0,1,CNT,1D tubes,spheres,interconnection,100.2,6.0,K,OH,0.0,0.5,3.0,427.0
CNT@CoS2-30,0,0,0,0,1,0,0,0,0,0,1,CNT,1D tubes,spheres,interconnection,100.2,6.0,K,OH,0.0,0.5,5.0,406.0
CNT@CoS2-30,0,0,0,0,1,0,0,0,0,0,1,CNT,1D tubes,spheres,interconnection,100.2,6.0,K,OH,0.0,0.5,7.0,385.0
CNT@CoS2-30,0,0,0,0,1,0,0,0,0,0,1,CNT,1D tubes,spheres,interconnection,100.2,6.0,K,OH,0.0,0.5,10.0,348.0
CoS2@NDMC,0,0,0,0,1,0,0,0,0,0,1,derived carbon-based,3D special,nanoparticles,supported,98.07,2.0,K,OH,0.0,0.45,1.0,1246.0
CoS2@NDMC,0,0,0,0,1,0,0,0,0,0,1,derived carbon-based,3D special,nanoparticles,supported,98.07,2.0,K,OH,0.0,0.45,2.0,1178.0
CoS2@NDMC,0,0,0,0,1,0,0,0,0,0,1,derived carbon-based,3D special,nanoparticles,supported,98.07,2.0,K,OH,0.0,0.45,4.0,1088.0
CoS2@NDMC,0,0,0,0,1,0,0,0,0,0,1,derived carbon-based,3D special,nanoparticles,supported,98.07,2.0,K,OH,0.0,0.45,8.0,957.0
CoS2@NDMC,0,0,0,0,1,0,0,0,0,0,1,derived carbon-based,3D special,nanoparticles,supported,98.07,2.0,K,OH,0.0,0.45,16.0,787.0
FeS2@KC-800,0,0,0,1,0,0,0,0,0,0,1,derived carbon-based,3D porous,nanoparticles,supported,196.806,6.0,K,OH,0.0,0.5,1.0,1492.55
FeS2@KC-800,0,0,0,1,0,0,0,0,0,0,1,derived carbon-based,3D porous,nanoparticles,supported,196.806,6.0,K,OH,0.0,0.5,2.0,1338.94
FeS2@KC-800,0,0,0,1,0,0,0,0,0,0,1,derived carbon-based,3D porous,nanoparticles,supported,196.806,6.0,K,OH,0.0,0.5,5.0,1163.27
FeS2@KC-800,0,0,0,1,0,0,0,0,0,0,1,derived carbon-based,3D porous,nanoparticles,supported,196.806,6.0,K,OH,0.0,0.5,10.0,980.4
FeS2@KC-800,0,0,0,1,0,0,0,0,0,0,1,derived carbon-based,3D porous,nanoparticles,supported,196.806,6.0,K,OH,0.0,0.5,15.0,874.64
CoS2@KC-800,0,0,0,0,1,0,0,0,0,0,1,derived carbon-based,3D porous,nanoparticles,supported,361.51,6.0,K,OH,0.0,0.5,0.5,2306.38
CoS2@KC-800,0,0,0,0,1,0,0,0,0,0,1,derived carbon-based,3D porous,nanoparticles,supported,361.51,6.0,K,OH,0.0,0.5,1.0,2009.67
CoS2@KC-800,0,0,0,0,1,0,0,0,0,0,1,derived carbon-based,3D porous,nanoparticles,supported,361.51,6.0,K,OH,0.0,0.5,2.0,1744.94
CoS2@KC-800,0,0,0,0,1,0,0,0,0,0,1,derived carbon-based,3D porous,nanoparticles,supported,361.51,6.0,K,OH,0.0,0.5,5.0,1443.15
CoS2@KC-800,0,0,0,0,1,0,0,0,0,0,1,derived carbon-based,3D porous,nanoparticles,supported,361.51,6.0,K,OH,0.0,0.5,10.0,1167.02
CoS2@KC-800,0,0,0,0,1,0,0,0,0,0,1,derived carbon-based,3D porous,nanoparticles,supported,361.51,6.0,K,OH,0.0,0.5,15.0,1037.07
FeS2/CoS2@KC-700,0,0,0,1,1,0,0,0,0,0,1,derived carbon-based,3D porous,nanoparticles,supported,330.94,6.0,K,OH,0.0,0.5,0.5,2902.0
FeS2/CoS2@KC-700,0,0,0,1,1,0,0,0,0,0,1,derived carbon-based,3D porous,nanoparticles,supported,330.94,6.0,K,OH,0.0,0.5,1.0,2643.07
FeS2/CoS2@KC-700,0,0,0,1,1,0,0,0,0,0,1,derived carbon-based,3D porous,nanoparticles,supported,330.94,6.0,K,OH,0.0,0.5,2.0,2353.52
FeS2/CoS2@KC-700,0,0,0,1,1,0,0,0,0,0,1,derived carbon-based,3D porous,nanoparticles,supported,330.94,6.0,K,OH,0.0,0.5,5.0,2028.74
FeS2/CoS2@KC-700,0,0,0,1,1,0,0,0,0,0,1,derived carbon-based,3D porous,nanoparticles,supported,330.94,6.0,K,OH,0.0,0.5,10.0,1705.13
FeS2/CoS2@KC-700,0,0,0,1,1,0,0,0,0,0,1,derived carbon-based,3D porous,nanoparticles,supported,330.94,6.0,K,OH,0.0,0.5,15.0,1499.38
FeS2/CoS2@KC-800,0,0,0,1,1,0,0,0,0,0,1,derived carbon-based,3D porous,nanoparticles,supported,468.516,6.0,K,OH,0.0,0.5,0.5,3480.47
FeS2/CoS2@KC-800,0,0,0,1,1,0,0,0,0,0,1,derived carbon-based,3D porous,nanoparticles,supported,468.516,6.0,K,OH,0.0,0.5,1.0,3226.58
FeS2/CoS2@KC-800,0,0,0,1,1,0,0,0,0,0,1,derived carbon-based,3D porous,nanoparticles,supported,468.516,6.0,K,OH,0.0,0.5,2.0,2986.59
FeS2/CoS2@KC-800,0,0,0,1,1,0,0,0,0,0,1,derived carbon-based,3D porous,nanoparticles,supported,468.516,6.0,K,OH,0.0,0.5,5.0,2648.07
FeS2/CoS2@KC-800,0,0,0,1,1,0,0,0,0,0,1,derived carbon-based,3D porous,nanoparticles,supported,468.516,6.0,K,OH,0.0,0.5,10.0,2286.55
FeS2/CoS2@KC-800,0,0,0,1,1,0,0,0,0,0,1,derived carbon-based,3D porous,nanoparticles,supported,468.516,6.0,K,OH,0.0,0.5,15.0,2100.38
FeS2/CoS2@KC-900,0,0,0,1,1,0,0,0,0,0,1,derived carbon-based,3D porous,nanoparticles,supported,199.901,6.0,K,OH,0.0,0.5,0.5,2355.98
FeS2/CoS2@KC-900,0,0,0,1,1,0,0,0,0,0,1,derived carbon-based,3D porous,nanoparticles,supported,199.901,6.0,K,OH,0.0,0.5,1.0,2063.15
FeS2/CoS2@KC-900,0,0,0,1,1,0,0,0,0,0,1,derived carbon-based,3D porous,nanoparticles,supported,199.901,6.0,K,OH,0.0,0.5,2.0,1820.25
FeS2/CoS2@KC-900,0,0,0,1,1,0,0,0,0,0,1,derived carbon-based,3D porous,nanoparticles,supported,199.901,6.0,K,OH,0.0,0.5,5.0,1546.03
FeS2/CoS2@KC-900,0,0,0,1,1,0,0,0,0,0,1,derived carbon-based,3D porous,nanoparticles,supported,199.901,6.0,K,OH,0.0,0.5,10.0,1303.63
FeS2/CoS2@KC-900,0,0,0,1,1,0,0,0,0,0,1,derived carbon-based,3D porous,nanoparticles,supported,199.901,6.0,K,OH,0.0,0.5,15.0,1110.79
NiS2/CoS2/3DGO,0,0,0,0,1,1,0,0,0,0,1,G-based,3D porous,irregular nanoparticles,supported,200.48,3.0,K,OH,0.0,0.43,1.0,2451.0
NiS2/CoS2/3DGO,0,0,0,0,1,1,0,0,0,0,1,G-based,3D porous,irregular nanoparticles,supported,200.48,3.0,K,OH,0.0,0.43,2.0,2302.0
NiS2/CoS2/3DGO,0,0,0,0,1,1,0,0,0,0,1,G-based,3D porous,irregular nanoparticles,supported,200.48,3.0,K,OH,0.0,0.43,5.0,2024.0
NiS2/CoS2/3DGO,0,0,0,0,1,1,0,0,0,0,1,G-based,3D porous,irregular nanoparticles,supported,200.48,3.0,K,OH,0.0,0.43,10.0,1768.0
NiS2/CoS2/3DGO,0,0,0,0,1,1,0,0,0,0,1,G-based,3D porous,irregular nanoparticles,supported,200.48,3.0,K,OH,0.0,0.43,20.0,1457.0
CoFe-S/rGO-0.7,0,0,0,1,1,0,0,0,0,0,1,G-based,2D,irregular nanoparticles,supported,249.02,1.0,K,OH,0.0,0.5,1.0,4474.1
CoFe-S/rGO-0.7,0,0,0,1,1,0,0,0,0,0,1,G-based,2D,irregular nanoparticles,supported,249.02,1.0,K,OH,0.0,0.5,2.0,3231.2
CoFe-S/rGO-0.7,0,0,0,1,1,0,0,0,0,0,1,G-based,2D,irregular nanoparticles,supported,249.02,1.0,K,OH,0.0,0.5,3.0,2933.7
CoFe-S/rGO-0.7,0,0,0,1,1,0,0,0,0,0,1,G-based,2D,irregular nanoparticles,supported,249.02,1.0,K,OH,0.0,0.5,4.0,2693.0
CoFe-S/rGO-0.7,0,0,0,1,1,0,0,0,0,0,1,G-based,2D,irregular nanoparticles,supported,249.02,1.0,K,OH,0.0,0.5,5.0,2407.9
CoFe-S/rGO-0.7,0,0,0,1,1,0,0,0,0,0,1,G-based,2D,irregular nanoparticles,supported,249.02,1.0,K,OH,0.0,0.5,10.0,2148.8
CoS2-C@TCL,0,0,0,0,1,0,0,0,0,0,1,derived carbon-based,3D porous,nanoparticles,coated,111.3,2.0,K,OH,0.0,0.5,1.0,1008.0
CoS2-C@TCL,0,0,0,0,1,0,0,0,0,0,1,derived carbon-based,3D porous,nanoparticles,coated,111.3,2.0,K,OH,0.0,0.5,2.0,964.0
CoS2-C@TCL,0,0,0,0,1,0,0,0,0,0,1,derived carbon-based,3D porous,nanoparticles,coated,111.3,2.0,K,OH,0.0,0.5,5.0,873.0
CoS2-C@TCL,0,0,0,0,1,0,0,0,0,0,1,derived carbon-based,3D porous,nanoparticles,coated,111.3,2.0,K,OH,0.0,0.5,8.0,788.0
CoS2-C@TCL,0,0,0,0,1,0,0,0,0,0,1,derived carbon-based,3D porous,nanoparticles,coated,111.3,2.0,K,OH,0.0,0.5,10.0,740.0
CQDs/CoS2,0,0,0,0,1,0,0,0,0,0,1,derived carbon-based,0D QDs,irregular nanoparticles,supported,427.2,2.0,K,OH,-0.4,0.5,1.0,808.0
CQDs/CoS2,0,0,0,0,1,0,0,0,0,0,1,derived carbon-based,0D QDs,irregular nanoparticles,supported,427.2,2.0,K,OH,-0.4,0.5,3.0,750.0
CQDs/CoS2,0,0,0,0,1,0,0,0,0,0,1,derived carbon-based,0D QDs,irregular nanoparticles,supported,427.2,2.0,K,OH,-0.4,0.5,7.0,710.0
CQDs/CoS2,0,0,0,0,1,0,0,0,0,0,1,derived carbon-based,0D QDs,irregular nanoparticles,supported,427.2,2.0,K,OH,-0.4,0.5,13.0,690.0
CQDs/CoS2,0,0,0,0,1,0,0,0,0,0,1,derived carbon-based,0D QDs,irregular nanoparticles,supported,427.2,2.0,K,OH,-0.4,0.5,25.0,650.0
CQDs/CoS2,0,0,0,0,1,0,0,0,0,0,1,derived carbon-based,0D QDs,irregular nanoparticles,supported,427.2,2.0,K,OH,-0.4,0.5,50.0,560.0
CoS2/CNF,0,0,0,0,1,0,0,0,0,0,1,CNF,1D fibers,nanoparticles,supported,16.3,3.0,K,OH,0.0,0.45,1.0,518.4
CoS2/CNF,0,0,0,0,1,0,0,0,0,0,1,CNF,1D fibers,nanoparticles,supported,16.3,3.0,K,OH,0.0,0.45,2.0,397.0
CoS2/CNF,0,0,0,0,1,0,0,0,0,0,1,CNF,1D fibers,nanoparticles,supported,16.3,3.0,K,OH,0.0,0.45,3.0,331.0
CoS2/CNF,0,0,0,0,1,0,0,0,0,0,1,CNF,1D fibers,nanoparticles,supported,16.3,3.0,K,OH,0.0,0.45,5.0,272.0
CoS2/CNF,0,0,0,0,1,0,0,0,0,0,1,CNF,1D fibers,nanoparticles,supported,16.3,3.0,K,OH,0.0,0.45,10.0,215.0
CoS2/PCNF-0.25,0,0,0,0,1,0,0,0,0,0,1,CNF,1D fibers,nanoparticles,supported,22.4,3.0,K,OH,0.0,0.45,1.0,688.8
CoS2/PCNF-0.25,0,0,0,0,1,0,0,0,0,0,1,CNF,1D fibers,nanoparticles,supported,22.4,3.0,K,OH,0.0,0.45,2.0,538.0
CoS2/PCNF-0.25,0,0,0,0,1,0,0,0,0,0,1,CNF,1D fibers,nanoparticles,supported,22.4,3.0,K,OH,0.0,0.45,3.0,456.0
CoS2/PCNF-0.25,0,0,0,0,1,0,0,0,0,0,1,CNF,1D fibers,nanoparticles,supported,22.4,3.0,K,OH,0.0,0.45,5.0,384.0
CoS2/PCNF-0.25,0,0,0,0,1,0,0,0,0,0,1,CNF,1D fibers,nanoparticles,supported,22.4,3.0,K,OH,0.0,0.45,10.0,317.0
NiS2/CoS2/NC-500,0,0,0,0,1,1,0,0,0,0,1,derived carbon-based,3D porous,rods,coated,109.08,6.0,K,OH,0.0,0.5,1.0,1325.0
NiS2/CoS2/NC-500,0,0,0,0,1,1,0,0,0,0,1,derived carbon-based,3D porous,rods,coated,109.08,6.0,K,OH,0.0,0.5,2.0,1247.0
NiS2/CoS2/NC-500,0,0,0,0,1,1,0,0,0,0,1,derived carbon-based,3D porous,rods,coated,109.08,6.0,K,OH,0.0,0.5,3.0,1161.0
NiS2/CoS2/NC-500,0,0,0,0,1,1,0,0,0,0,1,derived carbon-based,3D porous,rods,coated,109.08,6.0,K,OH,0.0,0.5,5.0,1048.0
NiS2/CoS2/NC-500,0,0,0,0,1,1,0,0,0,0,1,derived carbon-based,3D porous,rods,coated,109.08,6.0,K,OH,0.0,0.5,8.0,918.4
NiS2/CoS2/NC-500,0,0,0,0,1,1,0,0,0,0,1,derived carbon-based,3D porous,rods,coated,109.08,6.0,K,OH,0.0,0.5,10.0,860.0
(o)-CoS2@CNT,0,0,0,0,1,0,0,0,0,0,1,derived carbon-based,3D porous,irregular nanoparticles,interconnection,28.0,2.0,K,OH,0.0,0.4,0.5,146.0
(o)-CoS2@CNT,0,0,0,0,1,0,0,0,0,0,1,derived carbon-based,3D porous,irregular nanoparticles,interconnection,28.0,2.0,K,OH,0.0,0.4,1.0,139.0
(o)-CoS2@CNT,0,0,0,0,1,0,0,0,0,0,1,derived carbon-based,3D porous,irregular nanoparticles,interconnection,28.0,2.0,K,OH,0.0,0.4,2.0,125.0
(o)-CoS2@CNT,0,0,0,0,1,0,0,0,0,0,1,derived carbon-based,3D porous,irregular nanoparticles,interconnection,28.0,2.0,K,OH,0.0,0.4,5.0,112.0
(o)-CoS2@CNT,0,0,0,0,1,0,0,0,0,0,1,derived carbon-based,3D porous,irregular nanoparticles,interconnection,28.0,2.0,K,OH,0.0,0.4,10.0,72.0
(m)-CoS2@CNT,0,0,0,0,1,0,0,0,0,0,1,derived carbon-based,3D porous,irregular nanoparticles,interconnection,8.0,2.0,K,OH,0.0,0.4,0.5,405.0
(m)-CoS2@CNT,0,0,0,0,1,0,0,0,0,0,1,derived carbon-based,3D porous,irregular nanoparticles,interconnection,8.0,2.0,K,OH,0.0,0.4,1.0,385.0
(m)-CoS2@CNT,0,0,0,0,1,0,0,0,0,0,1,derived carbon-based,3D porous,irregular nanoparticles,interconnection,8.0,2.0,K,OH,0.0,0.4,2.0,278.0
(m)-CoS2@CNT,0,0,0,0,1,0,0,0,0,0,1,derived carbon-based,3D porous,irregular nanoparticles,interconnection,8.0,2.0,K,OH,0.0,0.4,5.0,200.0
(m)-CoS2@CNT,0,0,0,0,1,0,0,0,0,0,1,derived carbon-based,3D porous,irregular nanoparticles,interconnection,8.0,2.0,K,OH,0.0,0.4,10.0,158.0
(p)-CoS2@CNT,0,0,0,0,1,0,0,0,0,0,1,derived carbon-based,3D porous,irregular nanoparticles,interconnection,18.0,2.0,K,OH,0.0,0.4,0.5,825.0
(p)-CoS2@CNT,0,0,0,0,1,0,0,0,0,0,1,derived carbon-based,3D porous,irregular nanoparticles,interconnection,18.0,2.0,K,OH,0.0,0.4,1.0,782.0
(p)-CoS2@CNT,0,0,0,0,1,0,0,0,0,0,1,derived carbon-based,3D porous,irregular nanoparticles,interconnection,18.0,2.0,K,OH,0.0,0.4,2.0,550.0
(p)-CoS2@CNT,0,0,0,0,1,0,0,0,0,0,1,derived carbon-based,3D porous,irregular nanoparticles,interconnection,18.0,2.0,K,OH,0.0,0.4,5.0,375.0
(p)-CoS2@CNT,0,0,0,0,1,0,0,0,0,0,1,derived carbon-based,3D porous,irregular nanoparticles,interconnection,18.0,2.0,K,OH,0.0,0.4,10.0,268.0
CoS2@MC,0,0,0,0,1,0,0,0,0,0,1,derived carbon-based,3D special,nanoparticles,supported,208.0,2.0,K,OH,0.0,0.45,2.0,513.0
CoS2@MC,0,0,0,0,1,0,0,0,0,0,1,derived carbon-based,3D special,nanoparticles,supported,208.0,2.0,K,OH,0.0,0.45,5.0,434.0
CoS2@MC,0,0,0,0,1,0,0,0,0,0,1,derived carbon-based,3D special,nanoparticles,supported,208.0,2.0,K,OH,0.0,0.45,10.0,368.0
CoS2@MC,0,0,0,0,1,0,0,0,0,0,1,derived carbon-based,3D special,nanoparticles,supported,208.0,2.0,K,OH,0.0,0.45,15.0,324.0
NS-0.5,0,0,0,0,0,1,0,0,0,0,0,0,0,hollow nanoparticles,0,24.2,2.0,Li,OH,0.0,0.55,5.0,1725.0
NS-0.5,0,0,0,0,0,1,0,0,0,0,0,0,0,hollow nanoparticles,0,24.2,2.0,Li,OH,0.0,0.55,10.0,1584.0
NS-0.5,0,0,0,0,0,1,0,0,0,0,0,0,0,hollow nanoparticles,0,24.2,2.0,Li,OH,0.0,0.55,15.0,1489.0
NS-0.5,0,0,0,0,0,1,0,0,0,0,0,0,0,hollow nanoparticles,0,24.2,2.0,Li,OH,0.0,0.55,20.0,1411.0
NS-0.5,0,0,0,0,0,1,0,0,0,0,0,0,0,hollow nanoparticles,0,24.2,2.0,Li,OH,0.0,0.55,30.0,1293.0
NS-0.5,0,0,0,0,0,1,0,0,0,0,0,0,0,hollow nanoparticles,0,24.2,2.0,Li,OH,0.0,0.55,40.0,1193.0
pyrite NiS2,0,0,0,0,0,1,0,0,0,0,0,0,0,irregular nanoparticles,0,19.93,6.0,K,OH,0.0,0.55,2.0,1072.6
pyrite NiS2,0,0,0,0,0,1,0,0,0,0,0,0,0,irregular nanoparticles,0,19.93,6.0,K,OH,0.0,0.55,3.0,912.7
pyrite NiS2,0,0,0,0,0,1,0,0,0,0,0,0,0,irregular nanoparticles,0,19.93,6.0,K,OH,0.0,0.55,5.0,744.6
pyrite NiS2,0,0,0,0,0,1,0,0,0,0,0,0,0,irregular nanoparticles,0,19.93,6.0,K,OH,0.0,0.55,7.0,618.5
pyrite NiS2,0,0,0,0,0,1,0,0,0,0,0,0,0,irregular nanoparticles,0,19.93,6.0,K,OH,0.0,0.55,10.0,480.7
NiS2,0,0,0,0,0,1,0,0,0,0,0,0,0,irregular nanoparticles,0,6.31,1.0,K,OH,0.0,0.45,1.0,782.666666666667
NiS2,0,0,0,0,0,1,0,0,0,0,0,0,0,irregular nanoparticles,0,6.31,1.0,K,OH,0.0,0.45,2.0,590.444444444444
NiS2,0,0,0,0,0,1,0,0,0,0,0,0,0,irregular nanoparticles,0,6.31,1.0,K,OH,0.0,0.45,5.0,408.0
NiS2,0,0,0,0,0,1,0,0,0,0,0,0,0,irregular nanoparticles,0,6.31,1.0,K,OH,0.0,0.45,10.0,310.0
NiS2,0,0,0,0,0,1,0,0,0,0,0,0,0,irregular nanoparticles,0,6.31,1.0,K,OH,0.0,0.45,20.0,237.333333333333
NiS2,0,0,0,0,0,1,0,0,0,0,0,0,0,irregular nanoparticles,0,6.31,1.0,K,OH,0.0,0.45,50.0,168.666666666667
NiS2,0,0,0,0,0,1,0,0,0,0,0,0,0,bulk,0,66.5,6.0,K,OH,0.0,0.45,0.5,566.0
NiS2,0,0,0,0,0,1,0,0,0,0,0,0,0,bulk,0,66.5,6.0,K,OH,0.0,0.45,1.0,536.9
NiS2,0,0,0,0,0,1,0,0,0,0,0,0,0,bulk,0,66.5,6.0,K,OH,0.0,0.45,2.0,382.7
NiS2,0,0,0,0,0,1,0,0,0,0,0,0,0,bulk,0,66.5,6.0,K,OH,0.0,0.45,4.0,218.6
NiS2,0,0,0,0,0,1,0,0,0,0,0,0,0,bulk,0,66.5,6.0,K,OH,0.0,0.45,6.0,112.9
NiS2,0,0,0,0,0,1,0,0,0,0,0,0,0,bulk,0,66.5,6.0,K,OH,0.0,0.45,8.0,47.8
NiS2,0,0,0,0,0,1,0,0,0,0,0,0,0,bulk,0,66.5,6.0,K,OH,0.0,0.45,10.0,28.8
NiS2/MoS2/rGO,0,0,0,0,0,1,0,1,0,0,1,G-based,2D,irregular nanoparticles,supported,119.6,6.0,K,OH,0.0,0.45,0.5,645.3
NiS2/MoS2/rGO,0,0,0,0,0,1,0,1,0,0,1,G-based,2D,irregular nanoparticles,supported,119.6,6.0,K,OH,0.0,0.45,1.0,594.0
NiS2/MoS2/rGO,0,0,0,0,0,1,0,1,0,0,1,G-based,2D,irregular nanoparticles,supported,119.6,6.0,K,OH,0.0,0.45,2.0,426.0
NiS2/MoS2/rGO,0,0,0,0,0,1,0,1,0,0,1,G-based,2D,irregular nanoparticles,supported,119.6,6.0,K,OH,0.0,0.45,4.0,317.0
NiS2/MoS2/rGO,0,0,0,0,0,1,0,1,0,0,1,G-based,2D,irregular nanoparticles,supported,119.6,6.0,K,OH,0.0,0.45,6.0,253.0
NiS2/MoS2/rGO,0,0,0,0,0,1,0,1,0,0,1,G-based,2D,irregular nanoparticles,supported,119.6,6.0,K,OH,0.0,0.45,8.0,201.0
NiS2/MoS2/rGO,0,0,0,0,0,1,0,1,0,0,1,G-based,2D,irregular nanoparticles,supported,119.6,6.0,K,OH,0.0,0.45,10.0,128.0
NiS2,0,0,0,0,0,1,0,0,0,0,0,0,0,flower-like clusters,0,11.41,2.0,Li,OH,0.0,0.6,1.0,1355.0
NiS2,0,0,0,0,0,1,0,0,0,0,0,0,0,flower-like clusters,0,11.41,2.0,Li,OH,0.0,0.6,2.0,1240.0
NiS2,0,0,0,0,0,1,0,0,0,0,0,0,0,flower-like clusters,0,11.41,2.0,Li,OH,0.0,0.6,5.0,1133.0
NiS2,0,0,0,0,0,1,0,0,0,0,0,0,0,flower-like clusters,0,11.41,2.0,Li,OH,0.0,0.6,10.0,1050.0
NiS2,0,0,0,0,0,1,0,0,0,0,0,0,0,flower-like clusters,0,11.41,2.0,Li,OH,0.0,0.6,15.0,1000.0
NiS2,0,0,0,0,0,1,0,0,0,0,0,0,0,flower-like clusters,0,11.41,2.0,Li,OH,0.0,0.6,20.0,967.0
NiS2,0,0,0,0,0,1,0,0,0,0,0,0,0,hollow rods,0,59.2,6.0,K,OH,0.0,0.55,1.0,1020.2
NiS2,0,0,0,0,0,1,0,0,0,0,0,0,0,hollow rods,0,59.2,6.0,K,OH,0.0,0.55,2.0,821.2
NiS2,0,0,0,0,0,1,0,0,0,0,0,0,0,hollow rods,0,59.2,6.0,K,OH,0.0,0.55,3.0,728.7
NiS2,0,0,0,0,0,1,0,0,0,0,0,0,0,hollow rods,0,59.2,6.0,K,OH,0.0,0.55,5.0,643.6
NiS2,0,0,0,0,0,1,0,0,0,0,0,0,0,hollow rods,0,59.2,6.0,K,OH,0.0,0.55,7.0,601.8
NiS2,0,0,0,0,0,1,0,0,0,0,0,0,0,hollow rods,0,59.2,6.0,K,OH,0.0,0.55,10.0,534.9
NiS2,0,0,0,0,0,1,0,0,0,0,0,0,0,hollow spheres,0,12.39,2.0,K,OH,0.0,0.4,2.0,1541.0
NiS2,0,0,0,0,0,1,0,0,0,0,0,0,0,hollow spheres,0,12.39,2.0,K,OH,0.0,0.4,3.0,1421.0
NiS2,0,0,0,0,0,1,0,0,0,0,0,0,0,hollow spheres,0,12.39,2.0,K,OH,0.0,0.4,4.0,1349.0
NiS2,0,0,0,0,0,1,0,0,0,0,0,0,0,hollow spheres,0,12.39,2.0,K,OH,0.0,0.4,8.0,1213.0
NiS2,0,0,0,0,0,1,0,0,0,0,0,0,0,hollow spheres,0,12.39,2.0,K,OH,0.0,0.4,10.0,1150.0
NiS2,0,0,0,0,0,1,0,0,0,0,0,0,0,hollow spheres,0,12.39,2.0,K,OH,0.0,0.4,20.0,874.0
Ni0.8Co0.2S2,0,0,0,0,1,1,0,0,0,0,0,0,0,irregular nanoparticles,0,6.36,2.0,K,OH,0.0,0.4,2.0,1660.0
Ni0.8Co0.2S2,0,0,0,0,1,1,0,0,0,0,0,0,0,irregular nanoparticles,0,6.36,2.0,K,OH,0.0,0.4,3.0,1528.0
Ni0.8Co0.2S2,0,0,0,0,1,1,0,0,0,0,0,0,0,irregular nanoparticles,0,6.36,2.0,K,OH,0.0,0.4,4.0,1449.0
Ni0.8Co0.2S2,0,0,0,0,1,1,0,0,0,0,0,0,0,irregular nanoparticles,0,6.36,2.0,K,OH,0.0,0.4,8.0,1326.0
Ni0.8Co0.2S2,0,0,0,0,1,1,0,0,0,0,0,0,0,irregular nanoparticles,0,6.36,2.0,K,OH,0.0,0.4,10.0,1263.0
Ni0.8Co0.2S2,0,0,0,0,1,1,0,0,0,0,0,0,0,irregular nanoparticles,0,6.36,2.0,K,OH,0.0,0.4,20.0,942.0
Ni0.75Co0.25S2,0,0,0,0,1,1,0,0,0,0,0,0,0,irregular nanoparticles,0,29.88,2.0,K,OH,0.0,0.4,2.0,2141.0
Ni0.75Co0.25S2,0,0,0,0,1,1,0,0,0,0,0,0,0,irregular nanoparticles,0,29.88,2.0,K,OH,0.0,0.4,3.0,2102.0
Ni0.75Co0.25S2,0,0,0,0,1,1,0,0,0,0,0,0,0,irregular nanoparticles,0,29.88,2.0,K,OH,0.0,0.4,4.0,2030.0
Ni0.75Co0.25S2,0,0,0,0,1,1,0,0,0,0,0,0,0,irregular nanoparticles,0,29.88,2.0,K,OH,0.0,0.4,8.0,1857.0
Ni0.75Co0.25S2,0,0,0,0,1,1,0,0,0,0,0,0,0,irregular nanoparticles,0,29.88,2.0,K,OH,0.0,0.4,10.0,1797.0
Ni0.75Co0.25S2,0,0,0,0,1,1,0,0,0,0,0,0,0,irregular nanoparticles,0,29.88,2.0,K,OH,0.0,0.4,20.0,1560.0
Ni0.5Co0.5S2,0,0,0,0,1,1,0,0,0,0,0,0,0,irregular nanoparticles,0,20.8,2.0,K,OH,0.0,0.4,2.0,1822.0
Ni0.5Co0.5S2,0,0,0,0,1,1,0,0,0,0,0,0,0,irregular nanoparticles,0,20.8,2.0,K,OH,0.0,0.4,3.0,1715.0
Ni0.5Co0.5S2,0,0,0,0,1,1,0,0,0,0,0,0,0,irregular nanoparticles,0,20.8,2.0,K,OH,0.0,0.4,4.0,1670.0
Ni0.5Co0.5S2,0,0,0,0,1,1,0,0,0,0,0,0,0,irregular nanoparticles,0,20.8,2.0,K,OH,0.0,0.4,8.0,1486.0
Ni0.5Co0.5S2,0,0,0,0,1,1,0,0,0,0,0,0,0,irregular nanoparticles,0,20.8,2.0,K,OH,0.0,0.4,10.0,1402.0
Ni0.5Co0.5S2,0,0,0,0,1,1,0,0,0,0,0,0,0,irregular nanoparticles,0,20.8,2.0,K,OH,0.0,0.4,20.0,1187.0
Ni0.25Co0.75S2,0,0,0,0,1,1,0,0,0,0,0,0,0,irregular nanoparticles,0,25.17,2.0,K,OH,0.0,0.4,2.0,1437.0
Ni0.25Co0.75S2,0,0,0,0,1,1,0,0,0,0,0,0,0,irregular nanoparticles,0,25.17,2.0,K,OH,0.0,0.4,3.0,1397.0
Ni0.25Co0.75S2,0,0,0,0,1,1,0,0,0,0,0,0,0,irregular nanoparticles,0,25.17,2.0,K,OH,0.0,0.4,4.0,1349.0
Ni0.25Co0.75S2,0,0,0,0,1,1,0,0,0,0,0,0,0,irregular nanoparticles,0,25.17,2.0,K,OH,0.0,0.4,8.0,1192.0
Ni0.25Co0.75S2,0,0,0,0,1,1,0,0,0,0,0,0,0,irregular nanoparticles,0,25.17,2.0,K,OH,0.0,0.4,10.0,1126.0
Ni0.25Co0.75S2,0,0,0,0,1,1,0,0,0,0,0,0,0,irregular nanoparticles,0,25.17,2.0,K,OH,0.0,0.4,20.0,835.0
Ni0.2Co0.8S2,0,0,0,0,1,1,0,0,0,0,0,0,0,irregular nanoparticles,0,12.93,2.0,K,OH,0.0,0.4,2.0,1831.0
Ni0.2Co0.8S2,0,0,0,0,1,1,0,0,0,0,0,0,0,irregular nanoparticles,0,12.93,2.0,K,OH,0.0,0.4,3.0,1575.0
Ni0.2Co0.8S2,0,0,0,0,1,1,0,0,0,0,0,0,0,irregular nanoparticles,0,12.93,2.0,K,OH,0.0,0.4,4.0,1560.0
Ni0.2Co0.8S2,0,0,0,0,1,1,0,0,0,0,0,0,0,irregular nanoparticles,0,12.93,2.0,K,OH,0.0,0.4,8.0,1345.0
Ni0.2Co0.8S2,0,0,0,0,1,1,0,0,0,0,0,0,0,irregular nanoparticles,0,12.93,2.0,K,OH,0.0,0.4,10.0,1247.0
Ni0.2Co0.8S2,0,0,0,0,1,1,0,0,0,0,0,0,0,irregular nanoparticles,0,12.93,2.0,K,OH,0.0,0.4,20.0,908.0
CoS2,0,0,0,0,1,0,0,0,0,0,0,0,0,irregular nanoparticles,0,25.1,2.0,K,OH,0.0,0.4,2.0,485.0
CoS2,0,0,0,0,1,0,0,0,0,0,0,0,0,irregular nanoparticles,0,25.1,2.0,K,OH,0.0,0.4,3.0,464.0
CoS2,0,0,0,0,1,0,0,0,0,0,0,0,0,irregular nanoparticles,0,25.1,2.0,K,OH,0.0,0.4,4.0,446.0
CoS2,0,0,0,0,1,0,0,0,0,0,0,0,0,irregular nanoparticles,0,25.1,2.0,K,OH,0.0,0.4,8.0,375.0
CoS2,0,0,0,0,1,0,0,0,0,0,0,0,0,irregular nanoparticles,0,25.1,2.0,K,OH,0.0,0.4,10.0,354.0
CoS2,0,0,0,0,1,0,0,0,0,0,0,0,0,irregular nanoparticles,0,25.1,2.0,K,OH,0.0,0.4,20.0,254.0
TD-NiS2/G-0,0,0,0,0,0,1,0,0,0,0,1,G-based,3D special,irregular nanoparticles,embedded,46.0,6.0,K,OH,0.0,0.5,1.0,1443.0
TD-NiS2/G-0,0,0,0,0,0,1,0,0,0,0,1,G-based,3D special,irregular nanoparticles,embedded,46.0,6.0,K,OH,0.0,0.5,2.0,1027.0
TD-NiS2/G-0,0,0,0,0,0,1,0,0,0,0,1,G-based,3D special,irregular nanoparticles,embedded,46.0,6.0,K,OH,0.0,0.5,5.0,729.0
TD-NiS2/G-0,0,0,0,0,0,1,0,0,0,0,1,G-based,3D special,irregular nanoparticles,embedded,46.0,6.0,K,OH,0.0,0.5,10.0,475.0
TD-NiS2/G-0,0,0,0,0,0,1,0,0,0,0,1,G-based,3D special,irregular nanoparticles,embedded,46.0,6.0,K,OH,0.0,0.5,20.0,239.0
TD-NiS2/G-1,0,0,0,0,0,1,0,0,0,0,1,G-based,3D special,irregular nanoparticles,embedded,126.0,6.0,K,OH,0.0,0.5,1.0,1652.0
TD-NiS2/G-1,0,0,0,0,0,1,0,0,0,0,1,G-based,3D special,irregular nanoparticles,embedded,126.0,6.0,K,OH,0.0,0.5,2.0,1155.0
TD-NiS2/G-1,0,0,0,0,0,1,0,0,0,0,1,G-based,3D special,irregular nanoparticles,embedded,126.0,6.0,K,OH,0.0,0.5,5.0,926.0
TD-NiS2/G-1,0,0,0,0,0,1,0,0,0,0,1,G-based,3D special,irregular nanoparticles,embedded,126.0,6.0,K,OH,0.0,0.5,10.0,768.0
TD-NiS2/G-1,0,0,0,0,0,1,0,0,0,0,1,G-based,3D special,irregular nanoparticles,embedded,126.0,6.0,K,OH,0.0,0.5,20.0,594.0
TD-NiS2/G-2,0,0,0,0,0,1,0,0,0,0,1,G-based,3D special,irregular nanoparticles,embedded,111.0,6.0,K,OH,0.0,0.5,1.0,1467.0
TD-NiS2/G-2,0,0,0,0,0,1,0,0,0,0,1,G-based,3D special,irregular nanoparticles,embedded,111.0,6.0,K,OH,0.0,0.5,2.0,1061.0
TD-NiS2/G-2,0,0,0,0,0,1,0,0,0,0,1,G-based,3D special,irregular nanoparticles,embedded,111.0,6.0,K,OH,0.0,0.5,5.0,864.0
TD-NiS2/G-2,0,0,0,0,0,1,0,0,0,0,1,G-based,3D special,irregular nanoparticles,embedded,111.0,6.0,K,OH,0.0,0.5,10.0,684.0
TD-NiS2/G-2,0,0,0,0,0,1,0,0,0,0,1,G-based,3D special,irregular nanoparticles,embedded,111.0,6.0,K,OH,0.0,0.5,20.0,406.0
TD-NiS2/G-3,0,0,0,0,0,1,0,0,0,0,1,G-based,3D special,irregular nanoparticles,embedded,87.0,6.0,K,OH,0.0,0.5,1.0,1362.0
TD-NiS2/G-3,0,0,0,0,0,1,0,0,0,0,1,G-based,3D special,irregular nanoparticles,embedded,87.0,6.0,K,OH,0.0,0.5,2.0,968.0
TD-NiS2/G-3,0,0,0,0,0,1,0,0,0,0,1,G-based,3D special,irregular nanoparticles,embedded,87.0,6.0,K,OH,0.0,0.5,5.0,734.0
TD-NiS2/G-3,0,0,0,0,0,1,0,0,0,0,1,G-based,3D special,irregular nanoparticles,embedded,87.0,6.0,K,OH,0.0,0.5,10.0,556.0
TD-NiS2/G-3,0,0,0,0,0,1,0,0,0,0,1,G-based,3D special,irregular nanoparticles,embedded,87.0,6.0,K,OH,0.0,0.5,20.0,345.0
NiS2/CNS@N-CNTs,0,0,0,0,0,1,0,0,0,0,1,derived carbon-based,1D fibers,irregular nanoparticles,interconnection,62.55,6.0,K,OH,0.0,0.5,0.5,500.0
NiS2/CNS@N-CNTs,0,0,0,0,0,1,0,0,0,0,1,derived carbon-based,1D fibers,irregular nanoparticles,interconnection,62.55,6.0,K,OH,0.0,0.5,1.0,456.0
NiS2/CNS@N-CNTs,0,0,0,0,0,1,0,0,0,0,1,derived carbon-based,1D fibers,irregular nanoparticles,interconnection,62.55,6.0,K,OH,0.0,0.5,2.0,408.0
NiS2/CNS@N-CNTs,0,0,0,0,0,1,0,0,0,0,1,derived carbon-based,1D fibers,irregular nanoparticles,interconnection,62.55,6.0,K,OH,0.0,0.5,3.0,376.2
NiS2/CNS@N-CNTs,0,0,0,0,0,1,0,0,0,0,1,derived carbon-based,1D fibers,irregular nanoparticles,interconnection,62.55,6.0,K,OH,0.0,0.5,5.0,330.0
NiS2,0,0,0,0,0,1,0,0,0,0,0,0,0,bulk,0,18.5,6.0,K,OH,0.0,0.4,3.0,834.0
NCC2,0,0,0,0,0,1,0,0,0,0,1,derived carbon-based,3D porous,spheres,coated,24.6,6.0,K,OH,0.0,0.4,2.0,2212.0
NCC2,0,0,0,0,0,1,0,0,0,0,1,derived carbon-based,3D porous,spheres,coated,24.6,6.0,K,OH,0.0,0.4,3.0,1634.5
NCC2,0,0,0,0,0,1,0,0,0,0,1,derived carbon-based,3D porous,spheres,coated,24.6,6.0,K,OH,0.0,0.4,4.0,1488.0
NCC2,0,0,0,0,0,1,0,0,0,0,1,derived carbon-based,3D porous,spheres,coated,24.6,6.0,K,OH,0.0,0.4,5.0,1412.0
NCC2,0,0,0,0,0,1,0,0,0,0,1,derived carbon-based,3D porous,spheres,coated,24.6,6.0,K,OH,0.0,0.4,7.0,1136.0
NCC2,0,0,0,0,0,1,0,0,0,0,1,derived carbon-based,3D porous,spheres,coated,24.6,6.0,K,OH,0.0,0.4,10.0,977.5
NiSx@C-1-200,0,0,0,0,0,1,0,0,0,0,1,derived carbon-based,3D porous,irregular nanoparticles,supported,64.3,6.0,K,OH,0.0,0.5,0.5,2021.76
NiSx@C-1-200,0,0,0,0,0,1,0,0,0,0,1,derived carbon-based,3D porous,irregular nanoparticles,supported,64.3,6.0,K,OH,0.0,0.5,1.0,1834.56
NiSx@C-1-200,0,0,0,0,0,1,0,0,0,0,1,derived carbon-based,3D porous,irregular nanoparticles,supported,64.3,6.0,K,OH,0.0,0.5,2.0,1669.68
NiSx@C-1-200,0,0,0,0,0,1,0,0,0,0,1,derived carbon-based,3D porous,irregular nanoparticles,supported,64.3,6.0,K,OH,0.0,0.5,5.0,1399.68
NiSx@C-1-200,0,0,0,0,0,1,0,0,0,0,1,derived carbon-based,3D porous,irregular nanoparticles,supported,64.3,6.0,K,OH,0.0,0.5,10.0,1010.88
NiSx@C-1-200,0,0,0,0,0,1,0,0,0,0,1,derived carbon-based,3D porous,irregular nanoparticles,supported,64.3,6.0,K,OH,0.0,0.5,20.0,825.84
NiSx@C-1-300,0,0,0,0,0,1,0,0,0,0,1,derived carbon-based,3D porous,irregular nanoparticles,supported,121.6,6.0,K,OH,0.0,0.5,0.5,2196.72
NiSx@C-1-300,0,0,0,0,0,1,0,0,0,0,1,derived carbon-based,3D porous,irregular nanoparticles,supported,121.6,6.0,K,OH,0.0,0.5,1.0,1772.64
NiSx@C-1-300,0,0,0,0,0,1,0,0,0,0,1,derived carbon-based,3D porous,irregular nanoparticles,supported,121.6,6.0,K,OH,0.0,0.5,2.0,1556.64
NiSx@C-1-300,0,0,0,0,0,1,0,0,0,0,1,derived carbon-based,3D porous,irregular nanoparticles,supported,121.6,6.0,K,OH,0.0,0.5,5.0,1321.92
NiSx@C-1-300,0,0,0,0,0,1,0,0,0,0,1,derived carbon-based,3D porous,irregular nanoparticles,supported,121.6,6.0,K,OH,0.0,0.5,10.0,1088.64
NiSx@C-1-300,0,0,0,0,0,1,0,0,0,0,1,derived carbon-based,3D porous,irregular nanoparticles,supported,121.6,6.0,K,OH,0.0,0.5,20.0,794.16
NiSx@C-1-400,0,0,0,0,0,1,0,0,0,0,1,derived carbon-based,3D porous,irregular nanoparticles,supported,141.5,6.0,K,OH,0.0,0.5,0.5,3039.84
NiSx@C-1-400,0,0,0,0,0,1,0,0,0,0,1,derived carbon-based,3D porous,irregular nanoparticles,supported,141.5,6.0,K,OH,0.0,0.5,1.0,2413.44
NiSx@C-1-400,0,0,0,0,0,1,0,0,0,0,1,derived carbon-based,3D porous,irregular nanoparticles,supported,141.5,6.0,K,OH,0.0,0.5,2.0,2445.12
NiSx@C-1-400,0,0,0,0,0,1,0,0,0,0,1,derived carbon-based,3D porous,irregular nanoparticles,supported,141.5,6.0,K,OH,0.0,0.5,5.0,2134.08
NiSx@C-1-400,0,0,0,0,0,1,0,0,0,0,1,derived carbon-based,3D porous,irregular nanoparticles,supported,141.5,6.0,K,OH,0.0,0.5,10.0,1710.72
NiSx@C-1-400,0,0,0,0,0,1,0,0,0,0,1,derived carbon-based,3D porous,irregular nanoparticles,supported,141.5,6.0,K,OH,0.0,0.5,20.0,1253.52
NiSx@C-1-500,0,0,0,0,0,1,0,0,0,0,1,derived carbon-based,3D porous,irregular nanoparticles,supported,160.1,6.0,K,OH,0.0,0.5,0.5,2682.72
NiSx@C-1-500,0,0,0,0,0,1,0,0,0,0,1,derived carbon-based,3D porous,irregular nanoparticles,supported,160.1,6.0,K,OH,0.0,0.5,1.0,2519.28
NiSx@C-1-500,0,0,0,0,0,1,0,0,0,0,1,derived carbon-based,3D porous,irregular nanoparticles,supported,160.1,6.0,K,OH,0.0,0.5,2.0,2362.32
NiSx@C-1-500,0,0,0,0,0,1,0,0,0,0,1,derived carbon-based,3D porous,irregular nanoparticles,supported,160.1,6.0,K,OH,0.0,0.5,5.0,2013.84
NiSx@C-1-500,0,0,0,0,0,1,0,0,0,0,1,derived carbon-based,3D porous,irregular nanoparticles,supported,160.1,6.0,K,OH,0.0,0.5,10.0,1555.2
NiSx@C-1-500,0,0,0,0,0,1,0,0,0,0,1,derived carbon-based,3D porous,irregular nanoparticles,supported,160.1,6.0,K,OH,0.0,0.5,20.0,902.16
NiSx@C-4-300,0,0,0,0,0,1,0,0,0,0,1,derived carbon-based,3D porous,irregular nanoparticles,supported,107.8,6.0,K,OH,0.0,0.5,0.5,1535.76
NiSx@C-4-300,0,0,0,0,0,1,0,0,0,0,1,derived carbon-based,3D porous,irregular nanoparticles,supported,107.8,6.0,K,OH,0.0,0.5,1.0,1430.64
NiSx@C-4-300,0,0,0,0,0,1,0,0,0,0,1,derived carbon-based,3D porous,irregular nanoparticles,supported,107.8,6.0,K,OH,0.0,0.5,2.0,1214.64
NiSx@C-4-300,0,0,0,0,0,1,0,0,0,0,1,derived carbon-based,3D porous,irregular nanoparticles,supported,107.8,6.0,K,OH,0.0,0.5,5.0,1080.72
NiSx@C-4-300,0,0,0,0,0,1,0,0,0,0,1,derived carbon-based,3D porous,irregular nanoparticles,supported,107.8,6.0,K,OH,0.0,0.5,10.0,933.12
NiSx@C-4-300,0,0,0,0,0,1,0,0,0,0,1,derived carbon-based,3D porous,irregular nanoparticles,supported,107.8,6.0,K,OH,0.0,0.5,20.0,622.08
NiS2/CC,0,0,0,0,0,1,0,0,0,0,1,CNF,1D fibers,flower-like clusters,supported,72.6,3.0,K,OH,0.0,0.4,0.4,1168.0
NiS2/CC,0,0,0,0,0,1,0,0,0,0,1,CNF,1D fibers,flower-like clusters,supported,72.6,3.0,K,OH,0.0,0.4,0.8,1074.0
NiS2/CC,0,0,0,0,0,1,0,0,0,0,1,CNF,1D fibers,flower-like clusters,supported,72.6,3.0,K,OH,0.0,0.4,1.0,868.0
NiS2/CC,0,0,0,0,0,1,0,0,0,0,1,CNF,1D fibers,flower-like clusters,supported,72.6,3.0,K,OH,0.0,0.4,2.0,679.0
NiS2/CC,0,0,0,0,0,1,0,0,0,0,1,CNF,1D fibers,flower-like clusters,supported,72.6,3.0,K,OH,0.0,0.4,5.0,582.0
2NCC,0,0,0,0,0,1,0,0,0,0,1,derived carbon-based,3D porous,spheres,interconnection,12.048,2.0,K,OH,0.0,0.5,0.5,650.0
2NCC,0,0,0,0,0,1,0,0,0,0,1,derived carbon-based,3D porous,spheres,interconnection,12.048,2.0,K,OH,0.0,0.5,1.0,643.0
2NCC,0,0,0,0,0,1,0,0,0,0,1,derived carbon-based,3D porous,spheres,interconnection,12.048,2.0,K,OH,0.0,0.5,2.0,614.0
2NCC,0,0,0,0,0,1,0,0,0,0,1,derived carbon-based,3D porous,spheres,interconnection,12.048,2.0,K,OH,0.0,0.5,3.0,584.0
2NCC,0,0,0,0,0,1,0,0,0,0,1,derived carbon-based,3D porous,spheres,interconnection,12.048,2.0,K,OH,0.0,0.5,4.0,546.0
2NCC,0,0,0,0,0,1,0,0,0,0,1,derived carbon-based,3D porous,spheres,interconnection,12.048,2.0,K,OH,0.0,0.5,5.0,509.0
4NCC,0,0,0,0,0,1,0,0,0,0,1,derived carbon-based,3D porous,spheres,interconnection,43.478,2.0,K,OH,0.0,0.5,0.5,901.0
4NCC,0,0,0,0,0,1,0,0,0,0,1,derived carbon-based,3D porous,spheres,interconnection,43.478,2.0,K,OH,0.0,0.5,1.0,895.0
4NCC,0,0,0,0,0,1,0,0,0,0,1,derived carbon-based,3D porous,spheres,interconnection,43.478,2.0,K,OH,0.0,0.5,2.0,848.0
4NCC,0,0,0,0,0,1,0,0,0,0,1,derived carbon-based,3D porous,spheres,interconnection,43.478,2.0,K,OH,0.0,0.5,3.0,800.0
4NCC,0,0,0,0,0,1,0,0,0,0,1,derived carbon-based,3D porous,spheres,interconnection,43.478,2.0,K,OH,0.0,0.5,4.0,736.0
4NCC,0,0,0,0,0,1,0,0,0,0,1,derived carbon-based,3D porous,spheres,interconnection,43.478,2.0,K,OH,0.0,0.5,5.0,672.0
6NCC,0,0,0,0,0,1,0,0,0,0,1,derived carbon-based,3D porous,spheres,interconnection,52.204,2.0,K,OH,0.0,0.5,0.5,1573.0
6NCC,0,0,0,0,0,1,0,0,0,0,1,derived carbon-based,3D porous,spheres,interconnection,52.204,2.0,K,OH,0.0,0.5,1.0,1430.0
6NCC,0,0,0,0,0,1,0,0,0,0,1,derived carbon-based,3D porous,spheres,interconnection,52.204,2.0,K,OH,0.0,0.5,2.0,1251.0
6NCC,0,0,0,0,0,1,0,0,0,0,1,derived carbon-based,3D porous,spheres,interconnection,52.204,2.0,K,OH,0.0,0.5,3.0,1128.0
6NCC,0,0,0,0,0,1,0,0,0,0,1,derived carbon-based,3D porous,spheres,interconnection,52.204,2.0,K,OH,0.0,0.5,4.0,1024.0
6NCC,0,0,0,0,0,1,0,0,0,0,1,derived carbon-based,3D porous,spheres,interconnection,52.204,2.0,K,OH,0.0,0.5,5.0,930.0
8NCC,0,0,0,0,0,1,0,0,0,0,1,derived carbon-based,3D porous,spheres,interconnection,37.656,2.0,K,OH,0.0,0.5,0.5,729.0
8NCC,0,0,0,0,0,1,0,0,0,0,1,derived carbon-based,3D porous,spheres,interconnection,37.656,2.0,K,OH,0.0,0.5,1.0,678.0
8NCC,0,0,0,0,0,1,0,0,0,0,1,derived carbon-based,3D porous,spheres,interconnection,37.656,2.0,K,OH,0.0,0.5,2.0,614.0
8NCC,0,0,0,0,0,1,0,0,0,0,1,derived carbon-based,3D porous,spheres,interconnection,37.656,2.0,K,OH,0.0,0.5,3.0,549.0
8NCC,0,0,0,0,0,1,0,0,0,0,1,derived carbon-based,3D porous,spheres,interconnection,37.656,2.0,K,OH,0.0,0.5,4.0,478.0
8NCC,0,0,0,0,0,1,0,0,0,0,1,derived carbon-based,3D porous,spheres,interconnection,37.656,2.0,K,OH,0.0,0.5,5.0,419.0
NiS2@HCS,0,0,0,0,0,1,0,0,0,0,1,derived carbon-based,3D porous,hollow spheres,coated,18.0,2.0,K,OH,0.0,0.4,1.0,1707.5
NiS2@HCS,0,0,0,0,0,1,0,0,0,0,1,derived carbon-based,3D porous,hollow spheres,coated,18.0,2.0,K,OH,0.0,0.4,10.0,701.25
PProDOT/NiS2@HCS,0,0,0,0,0,1,0,0,0,0,1,derived carbon-based,3D porous,hollow spheres,coated,24.0,2.0,K,OH,0.0,0.4,1.0,1843.25
PProDOT/NiS2@HCS,0,0,0,0,0,1,0,0,0,0,1,derived carbon-based,3D porous,hollow spheres,coated,24.0,2.0,K,OH,0.0,0.4,2.0,1742.75
PProDOT/NiS2@HCS,0,0,0,0,0,1,0,0,0,0,1,derived carbon-based,3D porous,hollow spheres,coated,24.0,2.0,K,OH,0.0,0.4,3.0,1661.0
PProDOT/NiS2@HCS,0,0,0,0,0,1,0,0,0,0,1,derived carbon-based,3D porous,hollow spheres,coated,24.0,2.0,K,OH,0.0,0.4,5.0,1537.0
PProDOT/NiS2@HCS,0,0,0,0,0,1,0,0,0,0,1,derived carbon-based,3D porous,hollow spheres,coated,24.0,2.0,K,OH,0.0,0.4,7.0,1414.25
PProDOT/NiS2@HCS,0,0,0,0,0,1,0,0,0,0,1,derived carbon-based,3D porous,hollow spheres,coated,24.0,2.0,K,OH,0.0,0.4,10.0,1280.25
PProDOT/NiS2@HCS,0,0,0,0,0,1,0,0,0,0,1,derived carbon-based,3D porous,hollow spheres,coated,24.0,2.0,K,OH,0.0,0.4,15.0,1121.5
ZrS2,0,0,0,0,0,0,1,0,0,0,0,0,0,bulk,0,32.0,2.0,K,OH,-0.1,0.55,1.0,813.5
ZrS2,0,0,0,0,0,0,1,0,0,0,0,0,0,bulk,0,32.0,2.0,K,OH,-0.1,0.55,1.0,638.0
ZrS2,0,0,0,0,0,0,1,0,0,0,0,0,0,bulk,0,32.0,2.0,K,OH,-0.1,0.55,1.0,515.0
ZrS2@rGO,0,0,0,0,0,0,1,0,0,0,1,G-based,2D,bulk,supported,59.0,2.0,K,OH,-0.1,0.55,1.0,1238.0
ZrS2@rGO,0,0,0,0,0,0,1,0,0,0,1,G-based,2D,bulk,supported,59.0,2.0,K,OH,-0.1,0.55,2.0,784.0
ZrS2@rGO,0,0,0,0,0,0,1,0,0,0,1,G-based,2D,bulk,supported,59.0,2.0,K,OH,-0.1,0.55,3.0,565.0
OA-MoS2,0,0,0,0,0,0,0,1,0,0,0,0,0,flower-like clusters,0,12.7,1.0,Na,SO4,-0.8,-0.3,1.0,100.0
OA-MoS2,0,0,0,0,0,0,0,1,0,0,0,0,0,flower-like clusters,0,12.7,1.0,Na,SO4,-0.8,-0.3,2.0,89.0
OA-MoS2,0,0,0,0,0,0,0,1,0,0,0,0,0,flower-like clusters,0,12.7,1.0,Na,SO4,-0.8,-0.3,3.0,83.0
OA-MoS2,0,0,0,0,0,0,0,1,0,0,0,0,0,flower-like clusters,0,12.7,1.0,Na,SO4,-0.8,-0.3,5.0,77.0
OA-MoS2,0,0,0,0,0,0,0,1,0,0,0,0,0,flower-like clusters,0,12.7,1.0,Na,SO4,-0.8,-0.3,7.0,72.0
OA-MoS2,0,0,0,0,0,0,0,1,0,0,0,0,0,flower-like clusters,0,12.7,1.0,Na,SO4,-0.8,-0.3,10.0,66.0
OA-MoS2,0,0,0,0,0,0,0,1,0,0,0,0,0,flower-like clusters,0,12.7,1.0,Na,SO4,-0.8,-0.3,15.0,58.0
OA-MoS2,0,0,0,0,0,0,0,1,0,0,0,0,0,flower-like clusters,0,12.7,1.0,Na,SO4,-0.8,-0.3,20.0,52.0
CA-MoS2,0,0,0,0,0,0,0,1,0,0,0,0,0,flower-like clusters,0,19.5,1.0,Na,SO4,-0.8,-0.3,1.0,180.0
CA-MoS2,0,0,0,0,0,0,0,1,0,0,0,0,0,flower-like clusters,0,19.5,1.0,Na,SO4,-0.8,-0.3,2.0,141.0
CA-MoS2,0,0,0,0,0,0,0,1,0,0,0,0,0,flower-like clusters,0,19.5,1.0,Na,SO4,-0.8,-0.3,3.0,130.0
CA-MoS2,0,0,0,0,0,0,0,1,0,0,0,0,0,flower-like clusters,0,19.5,1.0,Na,SO4,-0.8,-0.3,5.0,119.0
CA-MoS2,0,0,0,0,0,0,0,1,0,0,0,0,0,flower-like clusters,0,19.5,1.0,Na,SO4,-0.8,-0.3,7.0,113.0
CA-MoS2,0,0,0,0,0,0,0,1,0,0,0,0,0,flower-like clusters,0,19.5,1.0,Na,SO4,-0.8,-0.3,10.0,105.0
CA-MoS2,0,0,0,0,0,0,0,1,0,0,0,0,0,flower-like clusters,0,19.5,1.0,Na,SO4,-0.8,-0.3,15.0,95.0
CA-MoS2,0,0,0,0,0,0,0,1,0,0,0,0,0,flower-like clusters,0,19.5,1.0,Na,SO4,-0.8,-0.3,20.0,86.0
MoS2,0,0,0,0,0,0,0,1,0,0,0,0,0,nanosheets,0,22.0,1.0,H,SO4,-0.1,0.6,0.5,148.0
MoS2,0,0,0,0,0,0,0,1,0,0,0,0,0,nanosheets,0,22.0,1.0,H,SO4,-0.1,0.6,1.0,136.0
MoS2,0,0,0,0,0,0,0,1,0,0,0,0,0,nanosheets,0,22.0,1.0,H,SO4,-0.1,0.6,2.0,123.0
MoS2,0,0,0,0,0,0,0,1,0,0,0,0,0,nanosheets,0,22.0,1.0,H,SO4,-0.1,0.6,5.0,113.0
MoS2,0,0,0,0,0,0,0,1,0,0,0,0,0,nanosheets,0,22.0,1.0,H,SO4,-0.1,0.6,10.0,102.0
MoS2,0,0,0,0,0,0,0,1,0,0,0,0,0,nanosheets,0,22.0,1.0,H,SO4,-0.1,0.6,20.0,97.0
MoS2,0,0,0,0,0,0,0,1,0,0,0,0,0,nanosheets,0,22.0,1.0,H,SO4,-0.1,0.6,30.0,94.0
MoS2,0,0,0,0,0,0,0,1,0,0,0,0,0,flower-like clusters,0,18.68,1.0,K,Cl,-0.9,0.2,0.5,178.0
MoS2,0,0,0,0,0,0,0,1,0,0,0,0,0,flower-like clusters,0,18.68,1.0,K,Cl,-0.9,0.2,1.0,168.0
MoS2,0,0,0,0,0,0,0,1,0,0,0,0,0,flower-like clusters,0,18.68,1.0,K,Cl,-0.9,0.2,2.0,159.0
MoS2,0,0,0,0,0,0,0,1,0,0,0,0,0,flower-like clusters,0,18.68,1.0,K,Cl,-0.9,0.2,4.0,148.0
MoS2,0,0,0,0,0,0,0,1,0,0,0,0,0,flower-like clusters,0,21.1,1.0,Na,SO4,-0.8,0.2,1.0,129.2
MoS2,0,0,0,0,0,0,0,1,0,0,0,0,0,flower-like clusters,0,21.1,1.0,Na,SO4,-0.8,0.2,1.5,115.1
MoS2,0,0,0,0,0,0,0,1,0,0,0,0,0,flower-like clusters,0,21.1,1.0,Na,SO4,-0.8,0.2,3.0,102.3
MoS2,0,0,0,0,0,0,0,1,0,0,0,0,0,flower-like clusters,0,21.1,1.0,Na,SO4,-0.8,0.2,5.0,92.0
MoS2,0,0,0,0,0,0,0,1,0,0,0,0,0,flower-like clusters,0,21.1,1.0,Na,SO4,-0.8,0.2,10.0,73.8
MoS2,0,0,0,0,0,0,0,1,0,0,0,0,0,nanosheets,0,6.64,1.0,Na,SO4,-0.8,0.2,0.1,226.1
MoS2,0,0,0,0,0,0,0,1,0,0,0,0,0,nanosheets,0,6.64,1.0,Na,SO4,-0.8,0.2,0.2,150.7
MoS2,0,0,0,0,0,0,0,1,0,0,0,0,0,nanosheets,0,6.64,1.0,Na,SO4,-0.8,0.2,0.3,133.8
MoS2,0,0,0,0,0,0,0,1,0,0,0,0,0,nanosheets,0,6.64,1.0,Na,SO4,-0.8,0.2,0.5,101.5
MoS2,0,0,0,0,0,0,0,1,0,0,0,0,0,nanosheets,0,6.64,1.0,Na,SO4,-0.8,0.2,0.6,85.4
MoS2,0,0,0,0,0,0,0,1,0,0,0,0,0,nanosheets,0,6.64,1.0,Na,SO4,-0.8,0.2,0.7,75.3
MoS2,0,0,0,0,0,0,0,1,0,0,0,0,0,nanosheets,0,6.64,1.0,Na,SO4,-0.8,0.2,1.0,34.6
MoS2/G,0,0,0,0,0,0,0,1,0,0,1,G-based,2D,nanosheets,supported,365.8,1.0,Na,SO4,-0.8,0.2,0.1,270.0
MoS2/G,0,0,0,0,0,0,0,1,0,0,1,G-based,2D,nanosheets,supported,365.8,1.0,Na,SO4,-0.8,0.2,0.2,240.0
MoS2/G,0,0,0,0,0,0,0,1,0,0,1,G-based,2D,nanosheets,supported,365.8,1.0,Na,SO4,-0.8,0.2,0.3,180.0
MoS2/G,0,0,0,0,0,0,0,1,0,0,1,G-based,2D,nanosheets,supported,365.8,1.0,Na,SO4,-0.8,0.2,0.5,155.0
MoS2/G,0,0,0,0,0,0,0,1,0,0,1,G-based,2D,nanosheets,supported,365.8,1.0,Na,SO4,-0.8,0.2,0.6,135.5
MoS2/G,0,0,0,0,0,0,0,1,0,0,1,G-based,2D,nanosheets,supported,365.8,1.0,Na,SO4,-0.8,0.2,0.7,126.0
MoS2/G,0,0,0,0,0,0,0,1,0,0,1,G-based,2D,nanosheets,supported,365.8,1.0,Na,SO4,-0.8,0.2,1.0,90.0
MSRCF-24,0,0,0,0,0,0,0,1,0,0,1,CNF,1D fibers,flower-like clusters,supported,115.0,1.0,Na,SO4,-0.7,0.0,0.5,225.0
MSRCF-24,0,0,0,0,0,0,0,1,0,0,1,CNF,1D fibers,flower-like clusters,supported,115.0,1.0,Na,SO4,-0.7,0.0,1.0,214.8
MSRCF-24,0,0,0,0,0,0,0,1,0,0,1,CNF,1D fibers,flower-like clusters,supported,115.0,1.0,Na,SO4,-0.7,0.0,2.0,131.0
MSRCF-24,0,0,0,0,0,0,0,1,0,0,1,CNF,1D fibers,flower-like clusters,supported,115.0,1.0,Na,SO4,-0.7,0.0,3.0,120.0
MSRCF-24,0,0,0,0,0,0,0,1,0,0,1,CNF,1D fibers,flower-like clusters,supported,115.0,1.0,Na,SO4,-0.7,0.0,4.0,112.0
MSRCF-24,0,0,0,0,0,0,0,1,0,0,1,CNF,1D fibers,flower-like clusters,supported,115.0,1.0,Na,SO4,-0.7,0.0,5.0,106.0
pure MoS2,0,0,0,0,0,0,0,1,0,0,0,0,0,flower-like clusters,0,30.0,3.0,K,OH,0.0,0.42,1.0,159.0
pure MoS2,0,0,0,0,0,0,0,1,0,0,0,0,0,flower-like clusters,0,30.0,3.0,K,OH,0.0,0.42,2.0,149.0
pure MoS2,0,0,0,0,0,0,0,1,0,0,0,0,0,flower-like clusters,0,30.0,3.0,K,OH,0.0,0.42,3.0,135.0
pure MoS2,0,0,0,0,0,0,0,1,0,0,0,0,0,flower-like clusters,0,30.0,3.0,K,OH,0.0,0.42,5.0,124.0
pure MoS2,0,0,0,0,0,0,0,1,0,0,0,0,0,flower-like clusters,0,30.0,3.0,K,OH,0.0,0.42,10.0,112.0
pure MoS2,0,0,0,0,0,0,0,1,0,0,0,0,0,flower-like clusters,0,30.0,3.0,K,OH,0.0,0.42,20.0,99.0
MoS2/C(3:1),0,0,0,0,0,0,0,1,0,0,1,derived carbon-based,3D special,flower-like clusters,embedded,39.4,3.0,K,OH,0.0,0.42,1.0,452.7
MoS2/C(3:1),0,0,0,0,0,0,0,1,0,0,1,derived carbon-based,3D special,flower-like clusters,embedded,39.4,3.0,K,OH,0.0,0.42,2.0,404.3
MoS2/C(3:1),0,0,0,0,0,0,0,1,0,0,1,derived carbon-based,3D special,flower-like clusters,embedded,39.4,3.0,K,OH,0.0,0.42,3.0,395.4
MoS2/C(3:1),0,0,0,0,0,0,0,1,0,0,1,derived carbon-based,3D special,flower-like clusters,embedded,39.4,3.0,K,OH,0.0,0.42,5.0,386.3
MoS2/C(3:1),0,0,0,0,0,0,0,1,0,0,1,derived carbon-based,3D special,flower-like clusters,embedded,39.4,3.0,K,OH,0.0,0.42,10.0,318.1
MoS2/C(3:1),0,0,0,0,0,0,0,1,0,0,1,derived carbon-based,3D special,flower-like clusters,embedded,39.4,3.0,K,OH,0.0,0.42,20.0,272.7
MoS2,0,0,0,0,0,0,0,1,0,0,0,0,0,flower-like clusters,0,9.28,6.0,K,OH,0.0,0.5,2.0,109.0
MoS2,0,0,0,0,0,0,0,1,0,0,0,0,0,flower-like clusters,0,9.28,6.0,K,OH,0.0,0.5,5.0,100.0
MoS2,0,0,0,0,0,0,0,1,0,0,0,0,0,flower-like clusters,0,9.28,6.0,K,OH,0.0,0.5,10.0,75.0
MoS2,0,0,0,0,0,0,0,1,0,0,0,0,0,flower-like clusters,0,9.28,6.0,K,OH,0.0,0.5,15.0,61.0
MoS2_50mg GF,0,0,0,0,0,0,0,1,0,0,1,G-based,2D,flower-like clusters,supported,10.31,6.0,K,OH,0.0,0.5,2.0,132.0
MoS2_50mg GF,0,0,0,0,0,0,0,1,0,0,1,G-based,2D,flower-like clusters,supported,10.31,6.0,K,OH,0.0,0.5,5.0,111.0
MoS2_50mg GF,0,0,0,0,0,0,0,1,0,0,1,G-based,2D,flower-like clusters,supported,10.31,6.0,K,OH,0.0,0.5,10.0,89.0
MoS2_50mg GF,0,0,0,0,0,0,0,1,0,0,1,G-based,2D,flower-like clusters,supported,10.31,6.0,K,OH,0.0,0.5,15.0,66.0
MoS2_100mg GF,0,0,0,0,0,0,0,1,0,0,1,G-based,2D,flower-like clusters,supported,15.01,6.0,K,OH,0.0,0.5,2.0,145.0
MoS2_100mg GF,0,0,0,0,0,0,0,1,0,0,1,G-based,2D,flower-like clusters,supported,15.01,6.0,K,OH,0.0,0.5,5.0,132.0
MoS2_100mg GF,0,0,0,0,0,0,0,1,0,0,1,G-based,2D,flower-like clusters,supported,15.01,6.0,K,OH,0.0,0.5,10.0,111.0
MoS2_100mg GF,0,0,0,0,0,0,0,1,0,0,1,G-based,2D,flower-like clusters,supported,15.01,6.0,K,OH,0.0,0.5,15.0,98.0
MoS2_150mg GF,0,0,0,0,0,0,0,1,0,0,1,G-based,2D,flower-like clusters,supported,26.07,6.0,K,OH,0.0,0.5,2.0,212.0
MoS2_150mg GF,0,0,0,0,0,0,0,1,0,0,1,G-based,2D,flower-like clusters,supported,26.07,6.0,K,OH,0.0,0.5,5.0,155.0
MoS2_150mg GF,0,0,0,0,0,0,0,1,0,0,1,G-based,2D,flower-like clusters,supported,26.07,6.0,K,OH,0.0,0.5,10.0,133.0
MoS2_150mg GF,0,0,0,0,0,0,0,1,0,0,1,G-based,2D,flower-like clusters,supported,26.07,6.0,K,OH,0.0,0.5,15.0,105.0
MoS2_200mg GF,0,0,0,0,0,0,0,1,0,0,1,G-based,2D,flower-like clusters,supported,13.28,6.0,K,OH,0.0,0.5,2.0,199.0
MoS2_200mg GF,0,0,0,0,0,0,0,1,0,0,1,G-based,2D,flower-like clusters,supported,13.28,6.0,K,OH,0.0,0.5,5.0,136.0
MoS2_200mg GF,0,0,0,0,0,0,0,1,0,0,1,G-based,2D,flower-like clusters,supported,13.28,6.0,K,OH,0.0,0.5,10.0,120.0
MoS2_200mg GF,0,0,0,0,0,0,0,1,0,0,1,G-based,2D,flower-like clusters,supported,13.28,6.0,K,OH,0.0,0.5,15.0,100.0
MoS2,0,0,0,0,0,0,0,1,0,0,0,0,0,nanosheets,0,21.1,1.0,Na,SO4,-0.8,0.2,1.0,119.0
MoS2,0,0,0,0,0,0,0,1,0,0,0,0,0,nanosheets,0,21.1,1.0,Na,SO4,-0.8,0.2,1.5,108.0
MoS2,0,0,0,0,0,0,0,1,0,0,0,0,0,nanosheets,0,21.1,1.0,Na,SO4,-0.8,0.2,3.0,94.0
MoS2,0,0,0,0,0,0,0,1,0,0,0,0,0,nanosheets,0,21.1,1.0,Na,SO4,-0.8,0.2,5.0,85.0
MoS2,0,0,0,0,0,0,0,1,0,0,0,0,0,nanosheets,0,21.1,1.0,Na,SO4,-0.8,0.2,10.0,71.0
MoS2/carbon aerogel,0,0,0,0,0,0,0,1,0,0,1,derived carbon-based,3D porous,nanosheets,supported,918.0,1.0,Na,SO4,-0.8,0.2,1.0,251.0
MoS2/carbon aerogel,0,0,0,0,0,0,0,1,0,0,1,derived carbon-based,3D porous,nanosheets,supported,918.0,1.0,Na,SO4,-0.8,0.2,1.5,233.0
MoS2/carbon aerogel,0,0,0,0,0,0,0,1,0,0,1,derived carbon-based,3D porous,nanosheets,supported,918.0,1.0,Na,SO4,-0.8,0.2,3.0,215.0
MoS2/carbon aerogel,0,0,0,0,0,0,0,1,0,0,1,derived carbon-based,3D porous,nanosheets,supported,918.0,1.0,Na,SO4,-0.8,0.2,5.0,196.0
MoS2/carbon aerogel,0,0,0,0,0,0,0,1,0,0,1,derived carbon-based,3D porous,nanosheets,supported,918.0,1.0,Na,SO4,-0.8,0.2,10.0,181.0
MG-5,0,0,0,0,0,0,0,1,0,0,1,G-based,2D,nanosheets,supported,70.1,1.0,H,SO4,-0.6,0.2,0.75,331.0
MG-5,0,0,0,0,0,0,0,1,0,0,1,G-based,2D,nanosheets,supported,70.1,1.0,H,SO4,-0.6,0.2,1.0,310.0
MG-5,0,0,0,0,0,0,0,1,0,0,1,G-based,2D,nanosheets,supported,70.1,1.0,H,SO4,-0.6,0.2,2.0,247.0
MG-5,0,0,0,0,0,0,0,1,0,0,1,G-based,2D,nanosheets,supported,70.1,1.0,H,SO4,-0.6,0.2,3.0,231.0
MG-5,0,0,0,0,0,0,0,1,0,0,1,G-based,2D,nanosheets,supported,70.1,1.0,H,SO4,-0.6,0.2,4.0,216.0
MG-5,0,0,0,0,0,0,0,1,0,0,1,G-based,2D,nanosheets,supported,70.1,1.0,H,SO4,-0.6,0.2,5.0,206.0
MG-5,0,0,0,0,0,0,0,1,0,0,1,G-based,2D,nanosheets,supported,70.1,1.0,H,SO4,-0.6,0.2,10.0,172.0
MG-10,0,0,0,0,0,0,0,1,0,0,1,G-based,2D,nanosheets,supported,24.8,1.0,H,SO4,-0.6,0.2,0.75,103.0
MoS2,0,0,0,0,0,0,0,1,0,0,0,0,0,irregular nanoparticles,0,1.75,1.0,K,OH,0.0,0.6,2.0,173.0
MoS2,0,0,0,0,0,0,0,1,0,0,0,0,0,irregular nanoparticles,0,1.75,1.0,K,OH,0.0,0.6,4.0,169.0
MoS2,0,0,0,0,0,0,0,1,0,0,0,0,0,irregular nanoparticles,0,1.75,1.0,K,OH,0.0,0.6,6.0,146.0
MoS2,0,0,0,0,0,0,0,1,0,0,0,0,0,irregular nanoparticles,0,1.75,1.0,K,OH,0.0,0.6,8.0,125.0
MoS2,0,0,0,0,0,0,0,1,0,0,0,0,0,irregular nanoparticles,0,1.75,1.0,K,OH,0.0,0.6,10.0,111.0
MoS2,0,0,0,0,0,0,0,1,0,0,0,0,0,irregular nanoparticles,0,1.75,1.0,K,OH,0.0,0.6,20.0,102.0
rGO-MoS2-WS2,0,0,0,0,0,0,0,1,0,1,1,G-based,2D,nanosheets,supported,109.0,3.0,K,OH,0.0,0.4,1.0,365.0
rGO-MoS2-WS2,0,0,0,0,0,0,0,1,0,1,1,G-based,2D,nanosheets,supported,109.0,3.0,K,OH,0.0,0.4,2.0,343.0
rGO-MoS2-WS2,0,0,0,0,0,0,0,1,0,1,1,G-based,2D,nanosheets,supported,109.0,3.0,K,OH,0.0,0.4,4.0,312.0
rGO-MoS2-WS2,0,0,0,0,0,0,0,1,0,1,1,G-based,2D,nanosheets,supported,109.0,3.0,K,OH,0.0,0.4,8.0,280.0
FL-SnS2,0,0,0,0,0,0,0,0,1,0,0,0,0,flower-like clusters,0,64.8,2.0,K,OH,0.0,0.5,1.0,431.82
FL-SnS2,0,0,0,0,0,0,0,0,1,0,0,0,0,flower-like clusters,0,64.8,2.0,K,OH,0.0,0.5,2.0,398.88
FL-SnS2,0,0,0,0,0,0,0,0,1,0,0,0,0,flower-like clusters,0,64.8,2.0,K,OH,0.0,0.5,3.0,312.18
FL-SnS2,0,0,0,0,0,0,0,0,1,0,0,0,0,flower-like clusters,0,64.8,2.0,K,OH,0.0,0.5,5.0,272.0
FL-SnS2,0,0,0,0,0,0,0,0,1,0,0,0,0,flower-like clusters,0,64.8,2.0,K,OH,0.0,0.5,7.0,230.7
FL-SnS2,0,0,0,0,0,0,0,0,1,0,0,0,0,flower-like clusters,0,64.8,2.0,K,OH,0.0,0.5,8.0,156.88
FL-SnS2,0,0,0,0,0,0,0,0,1,0,0,0,0,flower-like clusters,0,64.8,2.0,K,OH,0.0,0.5,10.0,126.2
SL-SnS2,0,0,0,0,0,0,0,0,1,0,0,0,0,bulk,0,27.4,2.0,K,OH,0.0,0.5,1.0,112.72
SL-SnS2,0,0,0,0,0,0,0,0,1,0,0,0,0,bulk,0,27.4,2.0,K,OH,0.0,0.5,2.0,104.95
SL-SnS2,0,0,0,0,0,0,0,0,1,0,0,0,0,bulk,0,27.4,2.0,K,OH,0.0,0.5,3.0,67.76
SL-SnS2,0,0,0,0,0,0,0,0,1,0,0,0,0,bulk,0,27.4,2.0,K,OH,0.0,0.5,5.0,67.0
SL-SnS2,0,0,0,0,0,0,0,0,1,0,0,0,0,bulk,0,27.4,2.0,K,OH,0.0,0.5,7.0,44.24
SL-SnS2,0,0,0,0,0,0,0,0,1,0,0,0,0,bulk,0,27.4,2.0,K,OH,0.0,0.5,8.0,35.36
SL-SnS2,0,0,0,0,0,0,0,0,1,0,0,0,0,bulk,0,27.4,2.0,K,OH,0.0,0.5,10.0,28.8
EL-SnS2,0,0,0,0,0,0,0,0,1,0,0,0,0,irregular nanoparticles,0,32.9,2.0,K,OH,0.0,0.5,1.0,390.38
EL-SnS2,0,0,0,0,0,0,0,0,1,0,0,0,0,irregular nanoparticles,0,32.9,2.0,K,OH,0.0,0.5,2.0,366.24
EL-SnS2,0,0,0,0,0,0,0,0,1,0,0,0,0,irregular nanoparticles,0,32.9,2.0,K,OH,0.0,0.5,3.0,247.2
EL-SnS2,0,0,0,0,0,0,0,0,1,0,0,0,0,irregular nanoparticles,0,32.9,2.0,K,OH,0.0,0.5,5.0,240.3
EL-SnS2,0,0,0,0,0,0,0,0,1,0,0,0,0,irregular nanoparticles,0,32.9,2.0,K,OH,0.0,0.5,7.0,171.52
EL-SnS2,0,0,0,0,0,0,0,0,1,0,0,0,0,irregular nanoparticles,0,32.9,2.0,K,OH,0.0,0.5,8.0,121.04
EL-SnS2,0,0,0,0,0,0,0,0,1,0,0,0,0,irregular nanoparticles,0,32.9,2.0,K,OH,0.0,0.5,10.0,100.4
SnS2,0,0,0,0,0,0,0,0,1,0,0,0,0,nanosheets,0,17.5,3.5,K,OH,-0.1,0.4,1.0,89.4
SnS2,0,0,0,0,0,0,0,0,1,0,0,0,0,nanosheets,0,17.5,3.5,K,OH,-0.1,0.4,2.0,71.3
SnS2,0,0,0,0,0,0,0,0,1,0,0,0,0,nanosheets,0,17.5,3.5,K,OH,-0.1,0.4,4.0,64.9
SnS2,0,0,0,0,0,0,0,0,1,0,0,0,0,nanosheets,0,17.5,3.5,K,OH,-0.1,0.4,10.0,50.6
m-SnS2,0,0,0,0,0,0,0,1,1,0,0,0,0,flower-like clusters,0,31.4,3.5,K,OH,-0.1,0.4,1.0,213.2
m-SnS2,0,0,0,0,0,0,0,1,1,0,0,0,0,flower-like clusters,0,31.4,3.5,K,OH,-0.1,0.4,2.0,184.2
m-SnS2,0,0,0,0,0,0,0,1,1,0,0,0,0,flower-like clusters,0,31.4,3.5,K,OH,-0.1,0.4,4.0,152.6
m-SnS2,0,0,0,0,0,0,0,1,1,0,0,0,0,flower-like clusters,0,31.4,3.5,K,OH,-0.1,0.4,10.0,78.7
SnS2,0,0,0,0,0,0,0,0,1,0,0,0,0,flower-like clusters,0,10.68,1.0,K,Cl,0.0,0.8,1.0,125.0
SnS2,0,0,0,0,0,0,0,0,1,0,0,0,0,irregular nanoparticles,0,52.44,2.0,K,OH,0.0,0.42,1.0,497.0
SnS2,0,0,0,0,0,0,0,0,1,0,0,0,0,irregular nanoparticles,0,52.44,2.0,K,OH,0.0,0.42,1.5,471.0
SnS2,0,0,0,0,0,0,0,0,1,0,0,0,0,irregular nanoparticles,0,52.44,2.0,K,OH,0.0,0.42,2.0,454.0
SnS2,0,0,0,0,0,0,0,0,1,0,0,0,0,irregular nanoparticles,0,52.44,2.0,K,OH,0.0,0.42,2.5,437.0
SnS2,0,0,0,0,0,0,0,0,1,0,0,0,0,irregular nanoparticles,0,52.44,2.0,K,OH,0.0,0.42,3.0,429.0
SnS2,0,0,0,0,0,0,0,0,1,0,0,0,0,irregular nanoparticles,0,52.44,2.0,K,OH,0.0,0.42,5.0,343.0
MWCNT/SnS2,0,0,0,0,0,0,0,0,1,0,1,CNT,3D special,irregular nanoparticles,interconnection,64.29,2.0,K,OH,0.0,0.42,1.0,938.0
MWCNT/SnS2,0,0,0,0,0,0,0,0,1,0,1,CNT,3D special,irregular nanoparticles,interconnection,64.29,2.0,K,OH,0.0,0.42,1.5,906.0
MWCNT/SnS2,0,0,0,0,0,0,0,0,1,0,1,CNT,3D special,irregular nanoparticles,interconnection,64.29,2.0,K,OH,0.0,0.42,2.0,882.0
MWCNT/SnS2,0,0,0,0,0,0,0,0,1,0,1,CNT,3D special,irregular nanoparticles,interconnection,64.29,2.0,K,OH,0.0,0.42,2.5,857.0
MWCNT/SnS2,0,0,0,0,0,0,0,0,1,0,1,CNT,3D special,irregular nanoparticles,interconnection,64.29,2.0,K,OH,0.0,0.42,3.0,803.0
MWCNT/SnS2,0,0,0,0,0,0,0,0,1,0,1,CNT,3D special,irregular nanoparticles,interconnection,64.29,2.0,K,OH,0.0,0.42,3.5,774.0
MWCNT/SnS2,0,0,0,0,0,0,0,0,1,0,1,CNT,3D special,irregular nanoparticles,interconnection,64.29,2.0,K,OH,0.0,0.42,4.0,730.0
MWCNT/SnS2,0,0,0,0,0,0,0,0,1,0,1,CNT,3D special,irregular nanoparticles,interconnection,64.29,2.0,K,OH,0.0,0.42,4.5,704.0
MWCNT/SnS2,0,0,0,0,0,0,0,0,1,0,1,CNT,3D special,irregular nanoparticles,interconnection,64.29,2.0,K,OH,0.0,0.42,5.0,682.0
SnS2 solid,0,0,0,0,0,0,0,0,1,0,0,0,0,irregular nanoparticles,0,25.0,1.0,Li,SO4,-0.6,0.4,1.0,45.65
SnS2 solid,0,0,0,0,0,0,0,0,1,0,0,0,0,irregular nanoparticles,0,25.0,1.0,Na,SO4,-0.3,0.7,1.0,18.4
SnS2 solid,0,0,0,0,0,0,0,0,1,0,0,0,0,irregular nanoparticles,0,25.0,1.0,K,OH,-0.6,0.4,1.0,62.85
SnS2 porous,0,0,0,0,0,0,0,0,1,0,0,0,0,flower-like clusters,0,42.0,1.0,Li,SO4,-0.6,0.4,1.0,112.0
SnS2 porous,0,0,0,0,0,0,0,0,1,0,0,0,0,flower-like clusters,0,42.0,1.0,Na,SO4,-0.3,0.7,1.0,19.74
SnS2 porous,0,0,0,0,0,0,0,0,1,0,0,0,0,flower-like clusters,0,42.0,1.0,K,OH,-0.6,0.4,1.0,89.14
SnS2 nanorods,0,0,0,0,0,0,0,0,1,0,0,0,0,rods,0,72.4,1.0,Na,OH,-0.2,0.6,3.0,165.2
SnS2 nanorods,0,0,0,0,0,0,0,0,1,0,0,0,0,rods,0,72.4,1.0,Na,OH,-0.2,0.6,3.5,160.0
SnS2 nanorods,0,0,0,0,0,0,0,0,1,0,0,0,0,rods,0,72.4,1.0,Na,OH,-0.2,0.6,5.0,131.3
SnS2 nanorods,0,0,0,0,0,0,0,0,1,0,0,0,0,rods,0,72.4,1.0,Na,OH,-0.2,0.6,10.0,122.0
SnS2 nanorods,0,0,0,0,0,0,0,0,1,0,0,0,0,rods,0,72.4,1.0,Na,OH,-0.2,0.6,20.0,108.0
pristine SnS2,0,0,0,0,0,0,0,0,1,0,0,0,0,nanosheets,0,44.6,2.0,K,OH,-0.4,0.2,1.0,85.4
pristine SnS2,0,0,0,0,0,0,0,0,1,0,0,0,0,nanosheets,0,44.6,2.0,K,OH,-0.4,0.2,2.0,47.7
pristine SnS2,0,0,0,0,0,0,0,0,1,0,0,0,0,nanosheets,0,44.6,2.0,K,OH,-0.4,0.2,3.0,32.5
pristine SnS2,0,0,0,0,0,0,0,0,1,0,0,0,0,nanosheets,0,44.6,2.0,K,OH,-0.4,0.2,4.0,17.0
pristine SnS2,0,0,0,0,0,0,0,0,1,0,0,0,0,nanosheets,0,44.6,2.0,K,OH,-0.4,0.2,5.0,14.8
SnS2-G,0,0,0,0,0,0,0,0,1,0,1,G-based,2D,nanosheets,coated,115.0,2.0,K,OH,-0.4,0.2,1.0,565.0
SnS2-G,0,0,0,0,0,0,0,0,1,0,1,G-based,2D,nanosheets,coated,115.0,2.0,K,OH,-0.4,0.2,2.0,367.0
SnS2-G,0,0,0,0,0,0,0,0,1,0,1,G-based,2D,nanosheets,coated,115.0,2.0,K,OH,-0.4,0.2,3.0,288.0
SnS2-G,0,0,0,0,0,0,0,0,1,0,1,G-based,2D,nanosheets,coated,115.0,2.0,K,OH,-0.4,0.2,4.0,232.0
SnS2-G,0,0,0,0,0,0,0,0,1,0,1,G-based,2D,nanosheets,coated,115.0,2.0,K,OH,-0.4,0.2,5.0,195.0
SnS2 NPs,0,0,0,0,0,0,0,0,1,0,0,0,0,irregular nanoparticles,0,78.22,2.0,K,OH,0.0,0.45,0.3,124.79
SnS2 NPs,0,0,0,0,0,0,0,0,1,0,0,0,0,irregular nanoparticles,0,78.22,2.0,K,OH,0.0,0.45,0.5,121.18
SnS2 NPs,0,0,0,0,0,0,0,0,1,0,0,0,0,irregular nanoparticles,0,78.22,2.0,K,OH,0.0,0.45,1.0,106.53
SnS2 NPs,0,0,0,0,0,0,0,0,1,0,0,0,0,irregular nanoparticles,0,78.22,2.0,K,OH,0.0,0.45,3.0,77.42
SnS2 NPs,0,0,0,0,0,0,0,0,1,0,0,0,0,irregular nanoparticles,0,78.22,2.0,K,OH,0.0,0.45,5.0,65.32
SnS2 NPs,0,0,0,0,0,0,0,0,1,0,0,0,0,irregular nanoparticles,0,78.22,2.0,K,OH,0.0,0.45,10.0,49.45
SnS2/RGO_1 NCP,0,0,0,0,0,0,0,0,1,0,1,G-based,2D,irregular nanoparticles,supported,41.82,2.0,K,OH,0.0,0.45,0.3,273.54
SnS2/RGO_1 NCP,0,0,0,0,0,0,0,0,1,0,1,G-based,2D,irregular nanoparticles,supported,41.82,2.0,K,OH,0.0,0.45,0.5,232.97
SnS2/RGO_1 NCP,0,0,0,0,0,0,0,0,1,0,1,G-based,2D,irregular nanoparticles,supported,41.82,2.0,K,OH,0.0,0.45,1.0,201.33
SnS2/RGO_1 NCP,0,0,0,0,0,0,0,0,1,0,1,G-based,2D,irregular nanoparticles,supported,41.82,2.0,K,OH,0.0,0.45,3.0,155.62
SnS2/RGO_1 NCP,0,0,0,0,0,0,0,0,1,0,1,G-based,2D,irregular nanoparticles,supported,41.82,2.0,K,OH,0.0,0.45,5.0,134.48
SnS2/RGO_1 NCP,0,0,0,0,0,0,0,0,1,0,1,G-based,2D,irregular nanoparticles,supported,41.82,2.0,K,OH,0.0,0.45,10.0,101.31
P-WS2,0,0,0,0,0,0,0,0,0,1,0,0,0,irregular nanoparticles,0,16.64,2.0,K,OH,-0.4,0.2,0.75,241.5
P-WS2,0,0,0,0,0,0,0,0,0,1,0,0,0,irregular nanoparticles,0,16.64,2.0,K,OH,-0.4,0.2,1.0,208.13
P-WS2,0,0,0,0,0,0,0,0,0,1,0,0,0,irregular nanoparticles,0,16.64,2.0,K,OH,-0.4,0.2,2.0,177.8
P-WS2,0,0,0,0,0,0,0,0,0,1,0,0,0,irregular nanoparticles,0,16.64,2.0,K,OH,-0.4,0.2,3.0,167.85
P-WS2,0,0,0,0,0,0,0,0,0,1,0,0,0,irregular nanoparticles,0,16.64,2.0,K,OH,-0.4,0.2,4.0,160.06
P-WS2,0,0,0,0,0,0,0,0,0,1,0,0,0,irregular nanoparticles,0,16.64,2.0,K,OH,-0.4,0.2,5.0,155.08
P-WS2,0,0,0,0,0,0,0,0,0,1,0,0,0,irregular nanoparticles,0,16.64,2.0,K,OH,-0.4,0.2,6.0,150.0
P-WS2,0,0,0,0,0,0,0,0,0,1,0,0,0,irregular nanoparticles,0,16.64,2.0,K,OH,-0.4,0.2,7.0,147.58
P-WS2,0,0,0,0,0,0,0,0,0,1,0,0,0,irregular nanoparticles,0,16.64,2.0,K,OH,-0.4,0.2,10.0,139.0
WS2,0,0,0,0,0,0,0,0,0,1,0,0,0,nanosheets,0,5.24,3.0,K,OH,0.0,0.55,1.0,261.8
WS2,0,0,0,0,0,0,0,0,0,1,0,0,0,nanosheets,0,5.24,3.0,K,OH,0.0,0.55,1.5,220.9
WS2,0,0,0,0,0,0,0,0,0,1,0,0,0,nanosheets,0,5.24,3.0,K,OH,0.0,0.55,2.0,163.6
WS2,0,0,0,0,0,0,0,0,0,1,0,0,0,nanosheets,0,5.24,3.0,K,OH,0.0,0.55,2.5,86.3
WS2,0,0,0,0,0,0,0,0,0,1,0,0,0,nanosheets,0,5.24,3.0,K,OH,0.0,0.55,3.0,65.4
WS2,0,0,0,0,0,0,0,0,0,1,0,0,0,flower-like clusters,0,39.89,1.0,H,SO4,-0.3,0.6,0.5,156.0
WS2,0,0,0,0,0,0,0,0,0,1,0,0,0,flower-like clusters,0,39.89,1.0,H,SO4,-0.3,0.6,0.8,113.3
WS2,0,0,0,0,0,0,0,0,0,1,0,0,0,flower-like clusters,0,39.89,1.0,H,SO4,-0.3,0.6,1.0,95.6
WS2,0,0,0,0,0,0,0,0,0,1,0,0,0,flower-like clusters,0,39.89,1.0,H,SO4,-0.3,0.6,3.0,74.3
WS2,0,0,0,0,0,0,0,0,0,1,0,0,0,flower-like clusters,0,39.89,1.0,H,SO4,-0.3,0.6,5.0,69.6
WS2-24,0,0,0,0,0,0,0,0,0,1,0,0,0,flower-like clusters,0,12.8,1.0,K,OH,0.0,0.8,0.25,243.8
WS2-24,0,0,0,0,0,0,0,0,0,1,0,0,0,flower-like clusters,0,12.8,1.0,K,OH,0.0,0.8,0.5,236.0
WS2-24,0,0,0,0,0,0,0,0,0,1,0,0,0,flower-like clusters,0,12.8,1.0,K,OH,0.0,0.8,1.0,228.2
WS2-24,0,0,0,0,0,0,0,0,0,1,0,0,0,flower-like clusters,0,12.8,1.0,K,OH,0.0,0.8,2.0,220.0
WS2-24,0,0,0,0,0,0,0,0,0,1,0,0,0,flower-like clusters,0,12.8,1.0,K,OH,0.0,0.8,5.0,208.0
WS2,0,0,0,0,0,0,0,0,0,1,0,0,0,irregular nanoparticles,0,3.63,2.0,K,OH,-0.2,0.4,0.2,264.8
WS2,0,0,0,0,0,0,0,0,0,1,0,0,0,irregular nanoparticles,0,3.63,2.0,K,OH,-0.2,0.4,0.5,244.9
WS2,0,0,0,0,0,0,0,0,0,1,0,0,0,irregular nanoparticles,0,3.63,2.0,K,OH,-0.2,0.4,1.0,220.7
WS2,0,0,0,0,0,0,0,0,0,1,0,0,0,irregular nanoparticles,0,3.63,2.0,K,OH,-0.2,0.4,2.0,205.5
WS2,0,0,0,0,0,0,0,0,0,1,0,0,0,irregular nanoparticles,0,3.63,2.0,K,OH,-0.2,0.4,4.0,175.4
WS2,0,0,0,0,0,0,0,0,0,1,0,0,0,irregular nanoparticles,0,3.63,2.0,K,OH,-0.2,0.4,10.0,134.5
WS2@HCNC,0,0,0,0,0,0,0,0,0,1,1,derived carbon-based,3D porous,irregular nanoparticles,supported,565.21,2.0,K,OH,-0.2,0.4,0.2,1305.5
WS2@HCNC,0,0,0,0,0,0,0,0,0,1,1,derived carbon-based,3D porous,irregular nanoparticles,supported,565.21,2.0,K,OH,-0.2,0.4,0.5,1230.9
WS2@HCNC,0,0,0,0,0,0,0,0,0,1,1,derived carbon-based,3D porous,irregular nanoparticles,supported,565.21,2.0,K,OH,-0.2,0.4,1.0,1074.3
WS2@HCNC,0,0,0,0,0,0,0,0,0,1,1,derived carbon-based,3D porous,irregular nanoparticles,supported,565.21,2.0,K,OH,-0.2,0.4,2.0,794.9
WS2@HCNC,0,0,0,0,0,0,0,0,0,1,1,derived carbon-based,3D porous,irregular nanoparticles,supported,565.21,2.0,K,OH,-0.2,0.4,4.0,631.4
WS2@HCNC,0,0,0,0,0,0,0,0,0,1,1,derived carbon-based,3D porous,irregular nanoparticles,supported,565.21,2.0,K,OH,-0.2,0.4,10.0,482.6
WS2,0,0,0,0,0,0,0,0,0,1,0,0,0,bulk,0,7.2,1.0,Na,OH,0.0,0.8,0.5,62.2
WS2,0,0,0,0,0,0,0,0,0,1,0,0,0,bulk,0,7.2,1.0,Na,OH,0.0,0.8,1.0,60.2
WS2,0,0,0,0,0,0,0,0,0,1,0,0,0,bulk,0,7.2,1.0,Na,OH,0.0,0.8,2.0,57.0
WS2,0,0,0,0,0,0,0,0,0,1,0,0,0,bulk,0,7.2,1.0,Na,OH,0.0,0.8,5.0,52.6
WS2,0,0,0,0,0,0,0,0,0,1,0,0,0,bulk,0,7.2,1.0,Na,OH,0.0,0.8,10.0,48.6
P2-WS2,0,0,0,0,0,0,0,0,0,1,0,0,0,nanosheets,0,13.6,1.0,Na,OH,0.0,0.8,0.5,143.9
P2-WS2,0,0,0,0,0,0,0,0,0,1,0,0,0,nanosheets,0,13.6,1.0,Na,OH,0.0,0.8,1.0,137.1
P2-WS2,0,0,0,0,0,0,0,0,0,1,0,0,0,nanosheets,0,13.6,1.0,Na,OH,0.0,0.8,2.0,131.0
P2-WS2,0,0,0,0,0,0,0,0,0,1,0,0,0,nanosheets,0,13.6,1.0,Na,OH,0.0,0.8,5.0,124.1
P2-WS2,0,0,0,0,0,0,0,0,0,1,0,0,0,nanosheets,0,13.6,1.0,Na,OH,0.0,0.8,10.0,117.6
WS2-ACC,0,0,0,0,0,0,0,0,0,1,1,CNF,1D fibers,flower-like clusters,supported,28.6,1.0,Na,OH,0.0,0.8,0.25,113.0
WS2-ACC,0,0,0,0,0,0,0,0,0,1,1,CNF,1D fibers,flower-like clusters,supported,28.6,1.0,Na,OH,0.0,0.8,0.5,103.0
WS2-ACC,0,0,0,0,0,0,0,0,0,1,1,CNF,1D fibers,flower-like clusters,supported,28.6,1.0,Na,OH,0.0,0.8,1.0,99.0
WS2-ACC,0,0,0,0,0,0,0,0,0,1,1,CNF,1D fibers,flower-like clusters,supported,28.6,1.0,Na,OH,0.0,0.8,2.0,96.0
WS2-ACC,0,0,0,0,0,0,0,0,0,1,1,CNF,1D fibers,flower-like clusters,supported,28.6,1.0,Na,OH,0.0,0.8,5.0,91.0
Ni-WS2-ACC-2,0,0,0,0,0,1,0,0,0,1,1,CNF,1D fibers,flower-like clusters,supported,42.3,1.0,Na,OH,0.0,0.8,0.25,264.0
Ni-WS2-ACC-2,0,0,0,0,0,1,0,0,0,1,1,CNF,1D fibers,flower-like clusters,supported,42.3,1.0,Na,OH,0.0,0.8,0.5,253.0
Ni-WS2-ACC-2,0,0,0,0,0,1,0,0,0,1,1,CNF,1D fibers,flower-like clusters,supported,42.3,1.0,Na,OH,0.0,0.8,1.0,246.0
Ni-WS2-ACC-2,0,0,0,0,0,1,0,0,0,1,1,CNF,1D fibers,flower-like clusters,supported,42.3,1.0,Na,OH,0.0,0.8,2.0,241.0
Ni-WS2-ACC-2,0,0,0,0,0,1,0,0,0,1,1,CNF,1D fibers,flower-like clusters,supported,42.3,1.0,Na,OH,0.0,0.8,5.0,238.0
WS2,0,0,0,0,0,0,0,0,0,1,0,0,0,flower-like clusters,0,3.7,1.0,K,OH,0.0,0.5,0.2,368.0
WS2,0,0,0,0,0,0,0,0,0,1,0,0,0,flower-like clusters,0,3.7,1.0,K,OH,0.0,0.5,1.0,360.0
WS2,0,0,0,0,0,0,0,0,0,1,0,0,0,flower-like clusters,0,3.7,1.0,K,OH,0.0,0.5,3.0,287.0
WS2,0,0,0,0,0,0,0,0,0,1,0,0,0,flower-like clusters,0,3.7,1.0,K,OH,0.0,0.5,4.0,238.0
WS2,0,0,0,0,0,0,0,0,0,1,0,0,0,flower-like clusters,0,3.7,1.0,K,OH,0.0,0.5,8.0,177.0
WS2,0,0,0,0,0,0,0,0,0,1,0,0,0,flower-like clusters,0,3.7,1.0,K,OH,0.0,0.5,10.0,142.0
WS2/ACF,0,0,0,0,0,0,0,0,0,1,1,CNF,1D fibers,flower-like clusters,supported,10.8,1.0,K,OH,0.0,0.5,0.2,604.0
WS2/ACF,0,0,0,0,0,0,0,0,0,1,1,CNF,1D fibers,flower-like clusters,supported,10.8,1.0,K,OH,0.0,0.5,1.0,600.0
WS2/ACF,0,0,0,0,0,0,0,0,0,1,1,CNF,1D fibers,flower-like clusters,supported,10.8,1.0,K,OH,0.0,0.5,2.0,527.0
WS2/ACF,0,0,0,0,0,0,0,0,0,1,1,CNF,1D fibers,flower-like clusters,supported,10.8,1.0,K,OH,0.0,0.5,4.0,476.0
WS2/ACF,0,0,0,0,0,0,0,0,0,1,1,CNF,1D fibers,flower-like clusters,supported,10.8,1.0,K,OH,0.0,0.5,8.0,391.0
WS2/ACF,0,0,0,0,0,0,0,0,0,1,1,CNF,1D fibers,flower-like clusters,supported,10.8,1.0,K,OH,0.0,0.5,10.0,340.0
WS2,0,0,0,0,0,0,0,0,0,1,0,0,0,flower-like clusters,0,3.7,1.0,H,SO4,-0.2,0.8,0.2,275.0
WS2,0,0,0,0,0,0,0,0,0,1,0,0,0,flower-like clusters,0,3.7,1.0,H,SO4,-0.2,0.8,1.0,239.0
WS2,0,0,0,0,0,0,0,0,0,1,0,0,0,flower-like clusters,0,3.7,1.0,H,SO4,-0.2,0.8,3.0,206.0
WS2,0,0,0,0,0,0,0,0,0,1,0,0,0,flower-like clusters,0,3.7,1.0,H,SO4,-0.2,0.8,4.0,172.0
WS2,0,0,0,0,0,0,0,0,0,1,0,0,0,flower-like clusters,0,3.7,1.0,H,SO4,-0.2,0.8,8.0,139.0
WS2,0,0,0,0,0,0,0,0,0,1,0,0,0,flower-like clusters,0,3.7,1.0,H,SO4,-0.2,0.8,10.0,116.0
WS2/ACF,0,0,0,0,0,0,0,0,0,1,1,CNF,1D fibers,flower-like clusters,supported,10.8,1.0,H,SO4,-0.2,0.8,0.2,520.0
WS2/ACF,0,0,0,0,0,0,0,0,0,1,1,CNF,1D fibers,flower-like clusters,supported,10.8,1.0,H,SO4,-0.2,0.8,1.0,502.0
WS2/ACF,0,0,0,0,0,0,0,0,0,1,1,CNF,1D fibers,flower-like clusters,supported,10.8,1.0,H,SO4,-0.2,0.8,2.0,452.0
WS2/ACF,0,0,0,0,0,0,0,0,0,1,1,CNF,1D fibers,flower-like clusters,supported,10.8,1.0,H,SO4,-0.2,0.8,4.0,407.0
WS2/ACF,0,0,0,0,0,0,0,0,0,1,1,CNF,1D fibers,flower-like clusters,supported,10.8,1.0,H,SO4,-0.2,0.8,8.0,358.0
WS2/ACF,0,0,0,0,0,0,0,0,0,1,1,CNF,1D fibers,flower-like clusters,supported,10.8,1.0,H,SO4,-0.2,0.8,10.0,315.0
