Ti,V,Fe,Co,Ni,Zr,Mo,Sn,W,CP,CM_type,CM_morph,MS2_morph,CP_morph,SSA,C,Cation,Anion,P_low,P_high,CD,Cs
1,0,0,0,0,0,0,0,0,1,GO,2D nanosheets,irregular nanoparticles,supported,289.4,6,K,OH,-0.5,0.5,1,97
1,0,0,0,0,0,0,0,0,1,GO,2D nanosheets,irregular nanoparticles,supported,301.8,6,K,OH,-0.5,0.5,1,102
1,0,0,0,0,0,0,0,0,1,GO,2D nanosheets,irregular nanoparticles,supported,319.2,6,K,OH,-0.5,0.5,1,113
0,1,0,0,0,0,0,0,0,0,0,0,nanosheets,0,5.5,6,K,OH,0,0.5,1,152
0,1,0,0,0,0,0,0,0,0,0,0,nanosheets,0,5.5,6,K,OH,0,0.5,2,145
0,1,0,0,0,0,0,0,0,0,0,0,nanosheets,0,5.5,6,K,OH,0,0.5,5,136
0,1,0,0,0,0,0,0,0,0,0,0,nanosheets,0,5.5,6,K,OH,0,0.5,10,120
0,1,0,0,0,0,0,0,0,0,0,0,nanosheets,0,5.5,6,K,OH,0,0.5,15,90
0,1,0,0,0,0,0,0,0,0,0,0,irregular nanoparticles,0,15.6,2,K,OH,-0.1,0.45,0.2,320.7
0,1,0,0,0,0,0,0,0,0,0,0,irregular nanoparticles,0,15.6,2,K,OH,-0.1,0.45,0.5,289.9
0,1,0,0,0,0,0,0,0,0,0,0,irregular nanoparticles,0,15.6,2,K,OH,-0.1,0.45,1,269.7
0,1,0,0,0,0,0,0,0,0,0,0,irregular nanoparticles,0,15.6,2,K,OH,-0.1,0.45,2,238.4
0,1,0,0,0,0,0,0,0,0,0,0,irregular nanoparticles,0,15.6,2,K,OH,-0.1,0.45,4,198.7
0,1,0,0,0,0,0,0,0,0,0,0,irregular nanoparticles,0,15.6,2,K,OH,-0.1,0.45,10,155.8
0,1,0,0,0,0,0,0,0,1,derived carbon,3D porous,irregular nanoparticles,embedded,69.7,2,K,OH,-0.1,0.45,0.2,836.7
0,1,0,0,0,0,0,0,0,1,derived carbon,3D porous,irregular nanoparticles,embedded,69.7,2,K,OH,-0.1,0.45,0.5,789.8
0,1,0,0,0,0,0,0,0,1,derived carbon,3D porous,irregular nanoparticles,embedded,69.7,2,K,OH,-0.1,0.45,1,702.2
0,1,0,0,0,0,0,0,0,1,derived carbon,3D porous,irregular nanoparticles,embedded,69.7,2,K,OH,-0.1,0.45,2,616.5
0,1,0,0,0,0,0,0,0,1,derived carbon,3D porous,irregular nanoparticles,embedded,69.7,2,K,OH,-0.1,0.45,4,468.9
0,1,0,0,0,0,0,0,0,1,derived carbon,3D porous,irregular nanoparticles,embedded,69.7,2,K,OH,-0.1,0.45,10,407.3
0,1,0,0,0,0,0,0,0,1,Graphene,flower-like,irregular nanoparticles,supported,32.3,2,K,OH,0,0.5,1,211
0,1,0,0,0,0,0,0,0,1,Graphene,flower-like,irregular nanoparticles,supported,32.3,2,K,OH,0,0.5,2,202.56
0,1,0,0,0,0,0,0,0,1,Graphene,flower-like,irregular nanoparticles,supported,32.3,2,K,OH,0,0.5,10,170.91
0,1,0,0,0,0,0,0,0,1,Graphene,flower-like,irregular nanoparticles,supported,32.3,2,K,OH,0,0.5,20,135.04
0,0,1,0,0,0,0,0,0,0,0,0,irregular nanoparticles,0,4,6,K,OH,-0.85,-0.3,0.5,163
0,0,1,0,0,0,0,0,0,0,0,0,irregular nanoparticles,0,4,6,K,OH,-0.85,-0.3,1,92
0,0,1,0,0,0,0,0,0,0,0,0,irregular nanoparticles,0,4,6,K,OH,-0.85,-0.3,2,82
0,0,1,0,0,0,0,0,0,0,0,0,irregular nanoparticles,0,4,6,K,OH,-0.85,-0.3,3,78
0,0,1,0,0,0,0,0,0,0,0,0,irregular nanoparticles,0,4,6,K,OH,-0.85,-0.3,5,75
0,0,1,0,0,0,0,0,0,0,0,0,irregular nanoparticles,0,4,6,K,OH,-0.85,-0.3,10,74
0,0,1,0,0,0,0,0,0,1,RGO,2D nanosheets,flower-like clusters,supported,8.4,6,K,OH,-0.85,-0.3,0.5,312
0,0,1,0,0,0,0,0,0,1,RGO,2D nanosheets,flower-like clusters,supported,8.4,6,K,OH,-0.85,-0.3,1,288
0,0,1,0,0,0,0,0,0,1,RGO,2D nanosheets,flower-like clusters,supported,8.4,6,K,OH,-0.85,-0.3,2,268
0,0,1,0,0,0,0,0,0,1,RGO,2D nanosheets,flower-like clusters,supported,8.4,6,K,OH,-0.85,-0.3,3,216
0,0,1,0,0,0,0,0,0,1,RGO,2D nanosheets,flower-like clusters,supported,8.4,6,K,OH,-0.85,-0.3,5,200
0,0,1,0,0,0,0,0,0,1,RGO,2D nanosheets,flower-like clusters,supported,8.4,6,K,OH,-0.85,-0.3,10,172
0,0,1,0,0,0,1,0,0,1,derived carbon,nanospheres,flower-like clusters,coated,94.7,6,K,OH,0,0.4,2,1325
0,0,1,0,0,0,1,0,0,1,derived carbon,nanospheres,flower-like clusters,coated,94.7,6,K,OH,0,0.4,4,1138
0,0,1,0,0,0,1,0,0,1,derived carbon,nanospheres,flower-like clusters,coated,94.7,6,K,OH,0,0.4,6,1012
0,0,1,0,0,0,1,0,0,1,derived carbon,nanospheres,flower-like clusters,coated,94.7,6,K,OH,0,0.4,8,904
0,0,1,0,0,0,1,0,0,1,derived carbon,nanospheres,flower-like clusters,coated,94.7,6,K,OH,0,0.4,10,719
0,0,1,0,0,0,0,0,0,1,Graphene,2D nanosheets,irregular nanoparticles,supported,218.4,6,K,OH,-0.6,0,1,529
0,0,1,0,0,0,0,0,0,1,Graphene,2D nanosheets,irregular nanoparticles,supported,218.4,6,K,OH,-0.6,0,2,481
0,0,1,0,0,0,0,0,0,1,Graphene,2D nanosheets,irregular nanoparticles,supported,218.4,6,K,OH,-0.6,0,5,443
0,0,1,0,0,0,0,0,0,1,Graphene,2D nanosheets,irregular nanoparticles,supported,218.4,6,K,OH,-0.6,0,10,401
0,0,1,0,0,0,0,0,0,1,Graphene,2D nanosheets,irregular nanoparticles,supported,218.4,6,K,OH,-0.6,0,20,349
0,0,1,0,0,0,0,0,0,0,0,0,irregular nanoparticles,0,39.8,1,Na,SO3,-1,0,0.5,763
0,0,1,0,0,0,0,0,0,0,0,0,irregular nanoparticles,0,39.8,1,Na,SO3,-1,0,1,720
0,0,1,0,0,0,0,0,0,0,0,0,irregular nanoparticles,0,39.8,1,Na,SO3,-1,0,2,590
0,0,1,0,0,0,0,0,0,0,0,0,irregular nanoparticles,0,39.8,1,Na,SO3,-1,0,3,429
0,0,1,0,0,0,0,0,0,0,0,0,irregular nanoparticles,0,39.8,1,Na,SO3,-1,0,4,240
0,0,1,0,0,0,0,0,0,0,0,0,irregular nanoparticles,0,39.8,1,Na,SO3,-1,0,5,105
0,0,0,0,0,0,1,0,0,0,0,0,flower-like clusters,0,24,6,K,OH,0,1,1,216
0,0,0,0,0,0,1,0,0,0,0,0,flower-like clusters,0,24,6,K,OH,0,1,2,160
0,0,0,0,0,0,1,0,0,0,0,0,flower-like clusters,0,24,6,K,OH,0,1,3,140
0,0,0,0,0,0,1,0,0,0,0,0,flower-like clusters,0,24,6,K,OH,0,1,4,121
0,0,0,0,0,0,1,0,0,0,0,0,flower-like clusters,0,24,6,K,OH,0,1,5,109
0,0,0,0,0,0,1,0,0,0,0,0,flower-like clusters,0,24,6,K,OH,0,1,7,86
0,0,1,0,0,0,1,0,0,0,0,0,core-shell nanoparticles,0,43,6,K,OH,0,1,1,386
0,0,1,0,0,0,1,0,0,0,0,0,core-shell nanoparticles,0,43,6,K,OH,0,1,2,274
0,0,1,0,0,0,1,0,0,0,0,0,core-shell nanoparticles,0,43,6,K,OH,0,1,3,230
0,0,1,0,0,0,1,0,0,0,0,0,core-shell nanoparticles,0,43,6,K,OH,0,1,4,179
0,0,1,0,0,0,1,0,0,0,0,0,core-shell nanoparticles,0,43,6,K,OH,0,1,5,163
0,0,1,0,0,0,1,0,0,0,0,0,core-shell nanoparticles,0,43,6,K,OH,0,1,7,154
0,0,1,0,0,0,0,0,0,0,0,0,irregular nanoparticles,0,23.8,2,K,OH,-1.1,0,1,471
0,0,1,0,0,0,0,0,0,0,0,0,irregular nanoparticles,0,23.8,2,K,OH,-1.1,0,2,398
0,0,1,0,0,0,0,0,0,0,0,0,irregular nanoparticles,0,23.8,2,K,OH,-1.1,0,3,369
0,0,1,0,0,0,0,0,0,0,0,0,irregular nanoparticles,0,23.8,2,K,OH,-1.1,0,5,356
0,0,1,0,0,0,0,0,0,0,0,0,irregular nanoparticles,0,23.8,2,K,OH,-1.1,0,10,335
0,0,1,0,0,0,0,0,0,0,0,0,irregular nanoparticles,0,23.8,2,K,OH,-1.1,0,15,321
0,0,1,0,0,0,0,0,0,0,0,0,irregular nanoparticles,0,23.8,2,K,OH,-1.1,0,20,307
0,0,1,0,0,0,0,0,0,1,derived carbon,3D networks,irregular nanoparticles,embedded,17.4,1,K,OH,-1.2,-0.2,2,228
0,0,1,0,0,0,0,0,0,1,derived carbon,3D networks,irregular nanoparticles,embedded,17.4,1,K,OH,-1.2,-0.2,4,170
0,0,1,0,0,0,0,0,0,1,derived carbon,3D networks,irregular nanoparticles,embedded,17.4,1,K,OH,-1.2,-0.2,6,140
0,0,1,0,0,0,0,0,0,1,derived carbon,3D networks,irregular nanoparticles,embedded,17.4,1,K,OH,-1.2,-0.2,8,119
0,0,1,0,0,0,0,0,0,1,derived carbon,3D networks,irregular nanoparticles,embedded,17.4,1,K,OH,-1.2,-0.2,10,91
0,0,1,0,0,0,0,0,0,1,derived carbon,3D networks,irregular nanoparticles,embedded,27.4,1,K,OH,-1.2,-0.2,2,303
0,0,1,0,0,0,0,0,0,1,derived carbon,3D networks,irregular nanoparticles,embedded,27.4,1,K,OH,-1.2,-0.2,4,235
0,0,1,0,0,0,0,0,0,1,derived carbon,3D networks,irregular nanoparticles,embedded,27.4,1,K,OH,-1.2,-0.2,6,210
0,0,1,0,0,0,0,0,0,1,derived carbon,3D networks,irregular nanoparticles,embedded,27.4,1,K,OH,-1.2,-0.2,8,192
0,0,1,0,0,0,0,0,0,1,derived carbon,3D networks,irregular nanoparticles,embedded,27.4,1,K,OH,-1.2,-0.2,10,176
0,0,1,0,0,0,0,0,0,1,derived carbon,3D networks,irregular nanoparticles,embedded,11,1,K,OH,-1.2,-0.2,2,105
0,0,1,0,0,0,0,0,0,1,derived carbon,3D networks,irregular nanoparticles,embedded,11,1,K,OH,-1.2,-0.2,4,84
0,0,1,0,0,0,0,0,0,1,derived carbon,3D networks,irregular nanoparticles,embedded,11,1,K,OH,-1.2,-0.2,6,74
0,0,1,0,0,0,0,0,0,1,derived carbon,3D networks,irregular nanoparticles,embedded,11,1,K,OH,-1.2,-0.2,8,63
0,0,1,0,0,0,0,0,0,1,derived carbon,3D networks,irregular nanoparticles,embedded,11,1,K,OH,-1.2,-0.2,10,60
0,0,1,0,0,0,0,0,0,0,0,0,irregular nanoparticles,0,3.6,2,K,OH,-1.1,0,3,459
0,0,1,0,0,0,0,0,0,0,0,0,irregular nanoparticles,0,3.6,2,K,OH,-1.1,0,5,372
0,0,1,0,0,0,0,0,0,0,0,0,irregular nanoparticles,0,3.6,2,K,OH,-1.1,0,10,309
0,0,1,0,0,0,0,0,0,0,0,0,irregular nanoparticles,0,3.6,2,K,OH,-1.1,0,15,299
0,0,1,0,0,0,0,0,0,0,0,0,irregular nanoparticles,0,3.6,2,K,OH,-1.1,0,20,289
0,0,1,0,0,0,0,0,0,0,0,0,irregular nanoparticles,0,3.6,2,K,OH,-1.1,0,30,269
0,0,1,0,0,0,0,0,0,1,Graphene,2D nanosheets,irregular nanoparticles,supported,135,2,K,OH,-1.1,0,3,721
0,0,1,0,0,0,0,0,0,1,Graphene,2D nanosheets,irregular nanoparticles,supported,135,2,K,OH,-1.1,0,5,650
0,0,1,0,0,0,0,0,0,1,Graphene,2D nanosheets,irregular nanoparticles,supported,135,2,K,OH,-1.1,0,10,621
0,0,1,0,0,0,0,0,0,1,Graphene,2D nanosheets,irregular nanoparticles,supported,135,2,K,OH,-1.1,0,15,617
0,0,1,0,0,0,0,0,0,1,Graphene,2D nanosheets,irregular nanoparticles,supported,135,2,K,OH,-1.1,0,20,614
0,0,1,0,0,0,0,0,0,1,Graphene,2D nanosheets,irregular nanoparticles,supported,135,2,K,OH,-1.1,0,30,589
0,0,1,0,0,0,0,0,0,1,GO,2D nanosheets,rods,supported,165,2,K,OH,-1.1,0,3,769
0,0,1,0,0,0,0,0,0,1,GO,2D nanosheets,rods,supported,165,2,K,OH,-1.1,0,5,708
0,0,1,0,0,0,0,0,0,1,GO,2D nanosheets,rods,supported,165,2,K,OH,-1.1,0,10,637
0,0,1,0,0,0,0,0,0,1,GO,2D nanosheets,rods,supported,165,2,K,OH,-1.1,0,15,587
0,0,1,0,0,0,0,0,0,1,GO,2D nanosheets,rods,supported,165,2,K,OH,-1.1,0,20,570
0,0,1,0,0,0,0,0,0,1,GO,2D nanosheets,rods,supported,165,2,K,OH,-1.1,0,30,555
0,0,0,1,0,0,0,0,0,0,0,0,hollow spheres,0,127.6,2,K,OH,-0.1,0.4,1,1301
0,0,0,1,0,0,0,0,0,0,0,0,hollow spheres,0,127.6,2,K,OH,-0.1,0.4,2.5,1073
0,0,0,1,0,0,0,0,0,0,0,0,hollow spheres,0,127.6,2,K,OH,-0.1,0.4,5,883
0,0,0,1,0,0,0,0,0,0,0,0,hollow spheres,0,127.6,2,K,OH,-0.1,0.4,10,650
0,0,0,1,0,0,0,0,0,0,0,0,hollow spheres,0,127.6,2,K,OH,-0.1,0.4,20,450
0,0,0,1,0,0,0,0,0,0,0,0,double shell spheres,0,98.3,2,K,OH,-0.1,0.4,1,1180
0,0,0,1,0,0,0,0,0,0,0,0,double shell spheres,0,98.3,2,K,OH,-0.1,0.4,2.5,952
0,0,0,1,0,0,0,0,0,0,0,0,double shell spheres,0,98.3,2,K,OH,-0.1,0.4,5,733
0,0,0,1,0,0,0,0,0,0,0,0,double shell spheres,0,98.3,2,K,OH,-0.1,0.4,10,531
0,0,0,1,0,0,0,0,0,0,0,0,double shell spheres,0,98.3,2,K,OH,-0.1,0.4,20,339
0,0,0,1,0,0,0,0,0,0,0,0,yolk-shell spheres,0,65.1,2,K,OH,-0.1,0.4,1,1079
0,0,0,1,0,0,0,0,0,0,0,0,yolk-shell spheres,0,65.1,2,K,OH,-0.1,0.4,2.5,883
0,0,0,1,0,0,0,0,0,0,0,0,yolk-shell spheres,0,65.1,2,K,OH,-0.1,0.4,5,681
0,0,0,1,0,0,0,0,0,0,0,0,yolk-shell spheres,0,65.1,2,K,OH,-0.1,0.4,10,471
0,0,0,1,0,0,0,0,0,0,0,0,yolk-shell spheres,0,65.1,2,K,OH,-0.1,0.4,20,271
0,0,0,1,0,0,0,0,0,0,0,0,spheres,0,41.5,2,K,OH,-0.1,0.4,1,899
0,0,0,1,0,0,0,0,0,0,0,0,spheres,0,41.5,2,K,OH,-0.1,0.4,2.5,733
0,0,0,1,0,0,0,0,0,0,0,0,spheres,0,41.5,2,K,OH,-0.1,0.4,5,583
0,0,0,1,0,0,0,0,0,0,0,0,spheres,0,41.5,2,K,OH,-0.1,0.4,10,388
0,0,0,1,0,0,0,0,0,0,0,0,spheres,0,41.5,2,K,OH,-0.1,0.4,20,221
0,0,0,1,0,0,0,0,0,0,0,0,bulk,0,3.2,2,K,OH,-0.1,0.4,1,624
0,0,0,1,0,0,0,0,0,0,0,0,bulk,0,3.2,2,K,OH,-0.1,0.4,2.5,495
0,0,0,1,0,0,0,0,0,0,0,0,bulk,0,3.2,2,K,OH,-0.1,0.4,5,345
0,0,0,1,0,0,0,0,0,0,0,0,bulk,0,3.2,2,K,OH,-0.1,0.4,10,212
0,0,0,1,0,0,0,0,0,0,0,0,bulk,0,3.2,2,K,OH,-0.1,0.4,20,93
0,0,0,1,0,0,0,0,0,0,0,0,octahedron,0,17.5,2,K,OH,-0.1,0.5,1,236.5
0,0,0,1,0,0,0,0,0,0,0,0,octahedron,0,17.5,2,K,OH,-0.1,0.5,2,225.3
0,0,0,1,0,0,0,0,0,0,0,0,octahedron,0,17.5,2,K,OH,-0.1,0.5,5,203.3
0,0,0,1,0,0,0,0,0,0,0,0,octahedron,0,17.5,2,K,OH,-0.1,0.5,10,175
0,0,0,1,0,0,0,0,0,0,0,0,octahedron,0,17.5,2,K,OH,-0.1,0.5,15,152.5
0,0,0,1,0,0,0,0,0,0,0,0,irregular nanoparticles,0,21,2,K,OH,0,0.4,2,624.1
0,0,0,1,0,0,0,0,0,1,RGO,2D nanosheets,irregular nanoparticles,coated,93,2,K,OH,0,0.4,2,929
0,0,0,1,0,0,0,0,0,1,RGO,2D nanosheets,irregular nanoparticles,coated,93,2,K,OH,0,0.4,4,855
0,0,0,1,0,0,0,0,0,1,RGO,2D nanosheets,irregular nanoparticles,coated,93,2,K,OH,0,0.4,8,798
0,0,0,1,0,0,0,0,0,1,RGO,2D nanosheets,irregular nanoparticles,coated,93,2,K,OH,0,0.4,14,713
0,0,0,1,0,0,0,0,0,1,RGO,2D nanosheets,irregular nanoparticles,coated,93,2,K,OH,0,0.4,20,677
0,0,0,1,0,0,0,0,0,0,0,0,flower-like clusters,0,66.4,2,K,OH,-0.1,0.5,1,718.7
0,0,0,1,0,0,0,0,0,0,0,0,flower-like clusters,0,66.4,2,K,OH,-0.1,0.5,2,696.7
0,0,0,1,0,0,0,0,0,0,0,0,flower-like clusters,0,66.4,2,K,OH,-0.1,0.5,5,620.8
0,0,0,1,0,0,0,0,0,0,0,0,flower-like clusters,0,66.4,2,K,OH,-0.1,0.5,10,536.7
0,0,0,1,0,0,0,0,0,0,0,0,flower-like clusters,0,66.4,2,K,OH,-0.1,0.5,20,476.7
0,0,0,1,0,0,0,0,0,0,0,0,flower-like clusters,0,46.2,2,K,OH,-0.1,0.5,1,554
0,0,0,1,0,0,0,0,0,0,0,0,flower-like clusters,0,46.2,2,K,OH,-0.1,0.5,2,540
0,0,0,1,0,0,0,0,0,0,0,0,flower-like clusters,0,46.2,2,K,OH,-0.1,0.5,5,497
0,0,0,1,0,0,0,0,0,0,0,0,flower-like clusters,0,46.2,2,K,OH,-0.1,0.5,10,469
0,0,0,1,0,0,0,0,0,0,0,0,flower-like clusters,0,46.2,2,K,OH,-0.1,0.5,20,417
0,0,0,1,0,0,0,0,0,0,0,0,spheres,0,3.3,2,K,OH,-0.1,0.5,1,180
0,0,0,1,0,0,0,0,0,0,0,0,spheres,0,3.3,2,K,OH,-0.1,0.5,2,167
0,0,0,1,0,0,0,0,0,0,0,0,spheres,0,3.3,2,K,OH,-0.1,0.5,5,143
0,0,0,1,0,0,0,0,0,0,0,0,spheres,0,3.3,2,K,OH,-0.1,0.5,10,115
0,0,0,1,0,0,0,0,0,0,0,0,spheres,0,3.3,2,K,OH,-0.1,0.5,20,78
0,0,0,1,0,0,0,0,0,0,0,0,irregular nanoparticles,0,29.3,2,K,OH,-0.2,0.45,0.5,654
0,0,0,1,0,0,0,0,0,0,0,0,irregular nanoparticles,0,29.3,2,K,OH,-0.2,0.45,1,595
0,0,0,1,0,0,0,0,0,0,0,0,irregular nanoparticles,0,29.3,2,K,OH,-0.2,0.45,5,499
0,0,0,1,0,0,0,0,0,0,0,0,irregular nanoparticles,0,36.3,6,K,OH,0,0.4,0.5,996.16
0,0,0,1,0,0,0,0,0,0,0,0,irregular nanoparticles,0,36.3,6,K,OH,0,0.4,1,986.95
0,0,0,1,0,0,0,0,0,0,0,0,irregular nanoparticles,0,36.3,6,K,OH,0,0.4,2,979.9
0,0,0,1,0,0,0,0,0,0,0,0,irregular nanoparticles,0,36.3,6,K,OH,0,0.4,3,972.75
0,0,0,1,0,0,0,0,0,0,0,0,irregular nanoparticles,0,36.3,6,K,OH,0,0.4,4,966
0,0,0,1,0,0,0,0,0,0,0,0,irregular nanoparticles,0,36.3,6,K,OH,0,0.4,5,957.5
0,0,0,1,0,0,0,0,0,0,0,0,irregular nanoparticles,0,13.1,6,K,OH,0,0.4,0.5,354.13
0,0,0,1,0,0,0,0,0,0,0,0,irregular nanoparticles,0,13.1,6,K,OH,0,0.4,1,342.5
0,0,0,1,0,0,0,0,0,0,0,0,irregular nanoparticles,0,13.1,6,K,OH,0,0.4,2,321.7
0,0,0,1,0,0,0,0,0,0,0,0,irregular nanoparticles,0,13.1,6,K,OH,0,0.4,3,307.7
0,0,0,1,0,0,0,0,0,0,0,0,irregular nanoparticles,0,13.1,6,K,OH,0,0.4,4,294.5
0,0,0,1,0,0,0,0,0,0,0,0,irregular nanoparticles,0,13.1,6,K,OH,0,0.4,5,289.5
0,0,0,1,0,0,0,0,0,0,0,0,hollow cubes,0,113.9,2,K,OH,-0.1,0.4,1,936
0,0,0,1,0,0,0,0,0,0,0,0,hollow cubes,0,113.9,2,K,OH,-0.1,0.4,2,883.2
0,0,0,1,0,0,0,0,0,0,0,0,hollow cubes,0,113.9,2,K,OH,-0.1,0.4,5,810
0,0,0,1,0,0,0,0,0,0,0,0,hollow cubes,0,113.9,2,K,OH,-0.1,0.4,10,746
0,0,0,1,0,0,0,0,0,0,0,0,hollow cubes,0,113.9,2,K,OH,-0.1,0.4,20,686.4
0,0,0,1,0,0,0,0,0,0,0,0,cubes,0,67.1,3,K,OH,0,0.45,1,426.6
0,0,0,1,0,0,0,0,0,0,0,0,cubes,0,67.1,3,K,OH,0,0.45,10,404.8
0,0,0,1,0,0,0,0,0,0,0,0,cubes,0,67.1,3,K,OH,0,0.45,20,382.7
0,0,0,0,1,0,0,0,0,0,0,0,nanoparticles,0,201.4,3,K,OH,0,0.45,1,951.6
0,0,0,0,1,0,0,0,0,0,0,0,nanoparticles,0,201.4,3,K,OH,0,0.45,2,809
0,0,0,0,1,0,0,0,0,0,0,0,nanoparticles,0,201.4,3,K,OH,0,0.45,3,743
0,0,0,0,1,0,0,0,0,0,0,0,nanoparticles,0,201.4,3,K,OH,0,0.45,5,669
0,0,0,0,1,0,0,0,0,0,0,0,nanoparticles,0,201.4,3,K,OH,0,0.45,10,553
0,0,0,0,1,0,0,0,0,0,0,0,nanoparticles,0,201.4,3,K,OH,0,0.45,20,442
0,0,0,1,1,0,0,0,0,0,0,0,cubes,0,78.4,3,K,OH,0,0.45,1,1731.2
0,0,0,1,1,0,0,0,0,0,0,0,cubes,0,78.4,3,K,OH,0,0.45,2,1679
0,0,0,1,1,0,0,0,0,0,0,0,cubes,0,78.4,3,K,OH,0,0.45,3,1640
0,0,0,1,1,0,0,0,0,0,0,0,cubes,0,78.4,3,K,OH,0,0.45,5,1571
0,0,0,1,1,0,0,0,0,0,0,0,cubes,0,78.4,3,K,OH,0,0.45,10,1446
0,0,0,1,1,0,0,0,0,0,0,0,cubes,0,78.4,3,K,OH,0,0.45,20,1329.7
0,0,0,1,0,0,0,0,0,0,0,0,hollow cubes,0,326.2,6,K,OH,0,0.36,0.5,703.3
0,0,0,1,0,0,0,0,0,0,0,0,hollow cubes,0,326.2,6,K,OH,0,0.36,10,509.96
0,0,0,0,0,0,1,0,0,0,0,0,flower-like clusters,0,58.2,2,K,OH,0,0.5,1,116.8
0,0,0,0,0,0,1,0,0,0,0,0,flower-like clusters,0,58.2,2,K,OH,0,0.5,2,102
0,0,0,0,0,0,1,0,0,0,0,0,flower-like clusters,0,58.2,2,K,OH,0,0.5,5,72
0,0,0,0,0,0,1,0,0,0,0,0,flower-like clusters,0,58.2,2,K,OH,0,0.5,10,44
0,0,0,1,0,0,1,0,0,0,0,0,irregular nanoparticles,0,60.1,2,K,OH,0,0.5,1,1038
0,0,0,1,0,0,1,0,0,0,0,0,irregular nanoparticles,0,60.1,2,K,OH,0,0.5,2,980
0,0,0,1,0,0,1,0,0,0,0,0,irregular nanoparticles,0,60.1,2,K,OH,0,0.5,5,867
0,0,0,1,0,0,1,0,0,0,0,0,irregular nanoparticles,0,60.1,2,K,OH,0,0.5,10,738
0,0,0,1,0,0,0,0,0,0,0,0,irregular nanoparticles,0,51.2,2,K,OH,0,0.5,1,464.4
0,0,0,1,0,0,0,0,0,0,0,0,irregular nanoparticles,0,51.2,2,K,OH,0,0.5,2,437
0,0,0,1,0,0,0,0,0,0,0,0,irregular nanoparticles,0,51.2,2,K,OH,0,0.5,5,367
0,0,0,1,0,0,0,0,0,0,0,0,irregular nanoparticles,0,51.2,2,K,OH,0,0.5,10,297
0,0,0,1,0,0,0,0,0,1,derived carbon & CNT,3D porous,irregular nanoparticles,interconnection,253.8,6,K,OH,0,0.5,1,653.8
0,0,0,1,0,0,0,0,0,1,derived carbon & CNT,3D porous,irregular nanoparticles,interconnection,253.8,6,K,OH,0,0.5,2,616.4
0,0,0,1,0,0,0,0,0,1,derived carbon & CNT,3D porous,irregular nanoparticles,interconnection,253.8,6,K,OH,0,0.5,5,571
0,0,0,1,0,0,0,0,0,1,derived carbon & CNT,3D porous,irregular nanoparticles,interconnection,253.8,6,K,OH,0,0.5,7,560.2
0,0,0,1,0,0,0,0,0,1,derived carbon & CNT,3D porous,irregular nanoparticles,interconnection,253.8,6,K,OH,0,0.5,10,544.2
0,0,0,1,1,0,0,0,0,1,derived carbon,3D porous,irregular nanoparticles,supported,101.7,6,K,OH,0,0.45,1,3051.11
0,0,0,1,1,0,0,0,0,1,derived carbon,3D porous,irregular nanoparticles,supported,101.7,6,K,OH,0,0.45,2,2862.22
0,0,0,1,1,0,0,0,0,1,derived carbon,3D porous,irregular nanoparticles,supported,101.7,6,K,OH,0,0.45,3,2811.11
0,0,0,1,1,0,0,0,0,1,derived carbon,3D porous,irregular nanoparticles,supported,101.7,6,K,OH,0,0.45,5,2697.78
0,0,0,1,1,0,0,0,0,1,derived carbon,3D porous,irregular nanoparticles,supported,101.7,6,K,OH,0,0.45,10,2457.78
0,0,0,1,1,0,0,0,0,1,derived carbon,3D porous,irregular nanoparticles,supported,101.7,6,K,OH,0,0.45,15,2260
0,0,0,1,1,0,0,0,0,1,derived carbon,3D porous,irregular nanoparticles,supported,101.7,6,K,OH,0,0.45,20,2093.33
0,0,0,0,1,0,0,0,0,1,derived carbon,3D porous,nanoparticles,supported,60.3,6,K,OH,0,0.45,1,574
0,0,0,0,1,0,0,0,0,1,derived carbon,3D porous,nanoparticles,supported,60.3,6,K,OH,0,0.45,2,444
0,0,0,0,1,0,0,0,0,1,derived carbon,3D porous,nanoparticles,supported,60.3,6,K,OH,0,0.45,3,358
0,0,0,0,1,0,0,0,0,1,derived carbon,3D porous,nanoparticles,supported,60.3,6,K,OH,0,0.45,5,278
0,0,0,0,1,0,0,0,0,1,derived carbon,3D porous,nanoparticles,supported,60.3,6,K,OH,0,0.45,10,188
0,0,0,0,1,0,0,0,0,1,derived carbon,3D porous,nanoparticles,supported,60.3,6,K,OH,0,0.45,15,156
0,0,0,0,1,0,0,0,0,1,derived carbon,3D porous,nanoparticles,supported,60.3,6,K,OH,0,0.45,20,133
0,0,0,1,0,0,0,0,0,1,MWCNT,3D porous,nanosheets,supported,15.7,2,K,OH,0,0.5,2,535
0,0,0,1,0,0,0,0,0,1,MWCNT,3D porous,nanosheets,supported,15.7,2,K,OH,0,0.5,3,496
0,0,0,1,0,0,0,0,0,1,MWCNT,3D porous,nanosheets,supported,15.7,2,K,OH,0,0.5,5,462
0,0,0,1,0,0,0,0,0,1,MWCNT,3D porous,nanosheets,supported,15.7,2,K,OH,0,0.5,10,324
0,0,0,1,0,0,0,0,0,1,CNT,1D tubes,spheres,interconnection,109.3,6,K,OH,0,0.5,1,589
0,0,0,1,0,0,0,0,0,1,CNT,1D tubes,spheres,interconnection,109.3,6,K,OH,0,0.5,3,552
0,0,0,1,0,0,0,0,0,1,CNT,1D tubes,spheres,interconnection,109.3,6,K,OH,0,0.5,5,530
0,0,0,1,0,0,0,0,0,1,CNT,1D tubes,spheres,interconnection,109.3,6,K,OH,0,0.5,7,507
0,0,0,1,0,0,0,0,0,1,CNT,1D tubes,spheres,interconnection,109.3,6,K,OH,0,0.5,10,479
0,0,0,1,0,0,0,0,0,1,CNT,1D tubes,spheres,interconnection,128.4,6,K,OH,0,0.5,1,822
0,0,0,1,0,0,0,0,0,1,CNT,1D tubes,spheres,interconnection,128.4,6,K,OH,0,0.5,3,753
0,0,0,1,0,0,0,0,0,1,CNT,1D tubes,spheres,interconnection,128.4,6,K,OH,0,0.5,5,713
0,0,0,1,0,0,0,0,0,1,CNT,1D tubes,spheres,interconnection,128.4,6,K,OH,0,0.5,7,682
0,0,0,1,0,0,0,0,0,1,CNT,1D tubes,spheres,interconnection,128.4,6,K,OH,0,0.5,10,630
0,0,0,1,0,0,0,0,0,1,CNT,1D tubes,spheres,interconnection,100.2,6,K,OH,0,0.5,1,448
0,0,0,1,0,0,0,0,0,1,CNT,1D tubes,spheres,interconnection,100.2,6,K,OH,0,0.5,3,427
0,0,0,1,0,0,0,0,0,1,CNT,1D tubes,spheres,interconnection,100.2,6,K,OH,0,0.5,5,406
0,0,0,1,0,0,0,0,0,1,CNT,1D tubes,spheres,interconnection,100.2,6,K,OH,0,0.5,7,385
0,0,0,1,0,0,0,0,0,1,CNT,1D tubes,spheres,interconnection,100.2,6,K,OH,0,0.5,10,348
0,0,0,1,0,0,0,0,0,1,derived carbon,rods,nanoparticles,supported,98.1,2,K,OH,0,0.45,1,1246
0,0,0,1,0,0,0,0,0,1,derived carbon,rods,nanoparticles,supported,98.1,2,K,OH,0,0.45,2,1178
0,0,0,1,0,0,0,0,0,1,derived carbon,rods,nanoparticles,supported,98.1,2,K,OH,0,0.45,4,1088
0,0,0,1,0,0,0,0,0,1,derived carbon,rods,nanoparticles,supported,98.1,2,K,OH,0,0.45,8,957
0,0,0,1,0,0,0,0,0,1,derived carbon,rods,nanoparticles,supported,98.1,2,K,OH,0,0.45,16,787
0,0,1,0,0,0,0,0,0,1,derived carbon,3D porous,nanoparticles,supported,196.8,6,K,OH,0,0.5,1,1492.55
0,0,1,0,0,0,0,0,0,1,derived carbon,3D porous,nanoparticles,supported,196.8,6,K,OH,0,0.5,2,1338.94
0,0,1,0,0,0,0,0,0,1,derived carbon,3D porous,nanoparticles,supported,196.8,6,K,OH,0,0.5,5,1163.27
0,0,1,0,0,0,0,0,0,1,derived carbon,3D porous,nanoparticles,supported,196.8,6,K,OH,0,0.5,10,980.4
0,0,1,0,0,0,0,0,0,1,derived carbon,3D porous,nanoparticles,supported,196.8,6,K,OH,0,0.5,15,874.64
0,0,0,1,0,0,0,0,0,1,derived carbon,3D porous,nanoparticles,supported,361.5,6,K,OH,0,0.5,0.5,2306.38
0,0,0,1,0,0,0,0,0,1,derived carbon,3D porous,nanoparticles,supported,361.5,6,K,OH,0,0.5,1,2009.67
0,0,0,1,0,0,0,0,0,1,derived carbon,3D porous,nanoparticles,supported,361.5,6,K,OH,0,0.5,2,1744.94
0,0,0,1,0,0,0,0,0,1,derived carbon,3D porous,nanoparticles,supported,361.5,6,K,OH,0,0.5,5,1443.15
0,0,0,1,0,0,0,0,0,1,derived carbon,3D porous,nanoparticles,supported,361.5,6,K,OH,0,0.5,10,1167.02
0,0,0,1,0,0,0,0,0,1,derived carbon,3D porous,nanoparticles,supported,361.5,6,K,OH,0,0.5,15,1037.07
0,0,1,1,0,0,0,0,0,1,derived carbon,3D porous,nanoparticles,supported,330.9,6,K,OH,0,0.5,0.5,2902
0,0,1,1,0,0,0,0,0,1,derived carbon,3D porous,nanoparticles,supported,330.9,6,K,OH,0,0.5,1,2643.07
0,0,1,1,0,0,0,0,0,1,derived carbon,3D porous,nanoparticles,supported,330.9,6,K,OH,0,0.5,2,2353.52
0,0,1,1,0,0,0,0,0,1,derived carbon,3D porous,nanoparticles,supported,330.9,6,K,OH,0,0.5,5,2028.74
0,0,1,1,0,0,0,0,0,1,derived carbon,3D porous,nanoparticles,supported,330.9,6,K,OH,0,0.5,10,1705.13
0,0,1,1,0,0,0,0,0,1,derived carbon,3D porous,nanoparticles,supported,330.9,6,K,OH,0,0.5,15,1499.38
0,0,1,1,0,0,0,0,0,1,derived carbon,3D porous,nanoparticles,supported,468.5,6,K,OH,0,0.5,0.5,3480.47
0,0,1,1,0,0,0,0,0,1,derived carbon,3D porous,nanoparticles,supported,468.5,6,K,OH,0,0.5,1,3226.58
0,0,1,1,0,0,0,0,0,1,derived carbon,3D porous,nanoparticles,supported,468.5,6,K,OH,0,0.5,2,2986.59
0,0,1,1,0,0,0,0,0,1,derived carbon,3D porous,nanoparticles,supported,468.5,6,K,OH,0,0.5,5,2648.07
0,0,1,1,0,0,0,0,0,1,derived carbon,3D porous,nanoparticles,supported,468.5,6,K,OH,0,0.5,10,2286.55
0,0,1,1,0,0,0,0,0,1,derived carbon,3D porous,nanoparticles,supported,468.5,6,K,OH,0,0.5,15,2100.38
0,0,1,1,0,0,0,0,0,1,derived carbon,3D porous,nanoparticles,supported,199.9,6,K,OH,0,0.5,0.5,2355.98
0,0,1,1,0,0,0,0,0,1,derived carbon,3D porous,nanoparticles,supported,199.9,6,K,OH,0,0.5,1,2063.15
0,0,1,1,0,0,0,0,0,1,derived carbon,3D porous,nanoparticles,supported,199.9,6,K,OH,0,0.5,2,1820.25
0,0,1,1,0,0,0,0,0,1,derived carbon,3D porous,nanoparticles,supported,199.9,6,K,OH,0,0.5,5,1546.03
0,0,1,1,0,0,0,0,0,1,derived carbon,3D porous,nanoparticles,supported,199.9,6,K,OH,0,0.5,10,1303.63
0,0,1,1,0,0,0,0,0,1,derived carbon,3D porous,nanoparticles,supported,199.9,6,K,OH,0,0.5,15,1110.79
0,0,0,1,1,0,0,0,0,1,GO,3D networks,irregular nanoparticles,supported,200.5,3,K,OH,0,0.43,1,2451
0,0,0,1,1,0,0,0,0,1,GO,3D networks,irregular nanoparticles,supported,200.5,3,K,OH,0,0.43,2,2302
0,0,0,1,1,0,0,0,0,1,GO,3D networks,irregular nanoparticles,supported,200.5,3,K,OH,0,0.43,5,2024
0,0,0,1,1,0,0,0,0,1,GO,3D networks,irregular nanoparticles,supported,200.5,3,K,OH,0,0.43,10,1768
0,0,0,1,1,0,0,0,0,1,GO,3D networks,irregular nanoparticles,supported,200.5,3,K,OH,0,0.43,20,1457
0,0,1,1,0,0,0,0,0,1,RGO,2D nanosheets,irregular nanoparticles,supported,249,1,K,OH,0,0.5,1,4474.1
0,0,1,1,0,0,0,0,0,1,RGO,2D nanosheets,irregular nanoparticles,supported,249,1,K,OH,0,0.5,2,3231.2
0,0,1,1,0,0,0,0,0,1,RGO,2D nanosheets,irregular nanoparticles,supported,249,1,K,OH,0,0.5,3,2933.7
0,0,1,1,0,0,0,0,0,1,RGO,2D nanosheets,irregular nanoparticles,supported,249,1,K,OH,0,0.5,4,2693
0,0,1,1,0,0,0,0,0,1,RGO,2D nanosheets,irregular nanoparticles,supported,249,1,K,OH,0,0.5,5,2407.9
0,0,1,1,0,0,0,0,0,1,RGO,2D nanosheets,irregular nanoparticles,supported,249,1,K,OH,0,0.5,10,2148.8
0,0,0,1,0,0,0,0,0,1,derived carbon,3D porous,nanoparticles,coated,111.3,2,K,OH,0,0.5,1,1008
0,0,0,1,0,0,0,0,0,1,derived carbon,3D porous,nanoparticles,coated,111.3,2,K,OH,0,0.5,2,964
0,0,0,1,0,0,0,0,0,1,derived carbon,3D porous,nanoparticles,coated,111.3,2,K,OH,0,0.5,5,873
0,0,0,1,0,0,0,0,0,1,derived carbon,3D porous,nanoparticles,coated,111.3,2,K,OH,0,0.5,8,788
0,0,0,1,0,0,0,0,0,1,derived carbon,3D porous,nanoparticles,coated,111.3,2,K,OH,0,0.5,10,740
0,0,0,1,0,0,0,0,0,1,derived carbon,0D QDs,irregular nanoparticles,supported,427.2,2,K,OH,-0.4,0.5,1,808
0,0,0,1,0,0,0,0,0,1,derived carbon,0D QDs,irregular nanoparticles,supported,427.2,2,K,OH,-0.4,0.5,3,750
0,0,0,1,0,0,0,0,0,1,derived carbon,0D QDs,irregular nanoparticles,supported,427.2,2,K,OH,-0.4,0.5,7,710
0,0,0,1,0,0,0,0,0,1,derived carbon,0D QDs,irregular nanoparticles,supported,427.2,2,K,OH,-0.4,0.5,13,690
0,0,0,1,0,0,0,0,0,1,derived carbon,0D QDs,irregular nanoparticles,supported,427.2,2,K,OH,-0.4,0.5,25,650
0,0,0,1,0,0,0,0,0,1,derived carbon,0D QDs,irregular nanoparticles,supported,427.2,2,K,OH,-0.4,0.5,50,560
0,0,0,1,0,0,0,0,0,1,CNF,1D fibers,nanoparticles,supported,16.3,3,K,OH,0,0.45,1,518.4
0,0,0,1,0,0,0,0,0,1,CNF,1D fibers,nanoparticles,supported,16.3,3,K,OH,0,0.45,2,397
0,0,0,1,0,0,0,0,0,1,CNF,1D fibers,nanoparticles,supported,16.3,3,K,OH,0,0.45,3,331
0,0,0,1,0,0,0,0,0,1,CNF,1D fibers,nanoparticles,supported,16.3,3,K,OH,0,0.45,5,272
0,0,0,1,0,0,0,0,0,1,CNF,1D fibers,nanoparticles,supported,16.3,3,K,OH,0,0.45,10,215
0,0,0,1,0,0,0,0,0,1,CNF,1D fibers,nanoparticles,supported,22.4,3,K,OH,0,0.45,1,688.8
0,0,0,1,0,0,0,0,0,1,CNF,1D fibers,nanoparticles,supported,22.4,3,K,OH,0,0.45,2,538
0,0,0,1,0,0,0,0,0,1,CNF,1D fibers,nanoparticles,supported,22.4,3,K,OH,0,0.45,3,456
0,0,0,1,0,0,0,0,0,1,CNF,1D fibers,nanoparticles,supported,22.4,3,K,OH,0,0.45,5,384
0,0,0,1,0,0,0,0,0,1,CNF,1D fibers,nanoparticles,supported,22.4,3,K,OH,0,0.45,10,317
0,0,0,1,1,0,0,0,0,1,derived carbon,3D porous,rods,coated,109.1,6,K,OH,0,0.5,1,1325
0,0,0,1,1,0,0,0,0,1,derived carbon,3D porous,rods,coated,109.1,6,K,OH,0,0.5,2,1247
0,0,0,1,1,0,0,0,0,1,derived carbon,3D porous,rods,coated,109.1,6,K,OH,0,0.5,3,1161
0,0,0,1,1,0,0,0,0,1,derived carbon,3D porous,rods,coated,109.1,6,K,OH,0,0.5,5,1048
0,0,0,1,1,0,0,0,0,1,derived carbon,3D porous,rods,coated,109.1,6,K,OH,0,0.5,8,918.4
0,0,0,1,1,0,0,0,0,1,derived carbon,3D porous,rods,coated,109.1,6,K,OH,0,0.5,10,860
0,0,0,1,0,0,0,0,0,1,derived carbon & CNT,3D porous,irregular nanoparticles,interconnection,28,2,K,OH,0,0.4,0.5,146
0,0,0,1,0,0,0,0,0,1,derived carbon & CNT,3D porous,irregular nanoparticles,interconnection,28,2,K,OH,0,0.4,1,139
0,0,0,1,0,0,0,0,0,1,derived carbon & CNT,3D porous,irregular nanoparticles,interconnection,28,2,K,OH,0,0.4,2,125
0,0,0,1,0,0,0,0,0,1,derived carbon & CNT,3D porous,irregular nanoparticles,interconnection,28,2,K,OH,0,0.4,5,112
0,0,0,1,0,0,0,0,0,1,derived carbon & CNT,3D porous,irregular nanoparticles,interconnection,28,2,K,OH,0,0.4,10,72
0,0,0,1,0,0,0,0,0,1,derived carbon & CNT,3D porous,irregular nanoparticles,interconnection,8,2,K,OH,0,0.4,0.5,405
0,0,0,1,0,0,0,0,0,1,derived carbon & CNT,3D porous,irregular nanoparticles,interconnection,8,2,K,OH,0,0.4,1,385
0,0,0,1,0,0,0,0,0,1,derived carbon & CNT,3D porous,irregular nanoparticles,interconnection,8,2,K,OH,0,0.4,2,278
0,0,0,1,0,0,0,0,0,1,derived carbon & CNT,3D porous,irregular nanoparticles,interconnection,8,2,K,OH,0,0.4,5,200
0,0,0,1,0,0,0,0,0,1,derived carbon & CNT,3D porous,irregular nanoparticles,interconnection,8,2,K,OH,0,0.4,10,158
0,0,0,1,0,0,0,0,0,1,derived carbon & CNT,3D porous,irregular nanoparticles,interconnection,18,2,K,OH,0,0.4,0.5,825
0,0,0,1,0,0,0,0,0,1,derived carbon & CNT,3D porous,irregular nanoparticles,interconnection,18,2,K,OH,0,0.4,1,782
0,0,0,1,0,0,0,0,0,1,derived carbon & CNT,3D porous,irregular nanoparticles,interconnection,18,2,K,OH,0,0.4,2,550
0,0,0,1,0,0,0,0,0,1,derived carbon & CNT,3D porous,irregular nanoparticles,interconnection,18,2,K,OH,0,0.4,5,375
0,0,0,1,0,0,0,0,0,1,derived carbon & CNT,3D porous,irregular nanoparticles,interconnection,18,2,K,OH,0,0.4,10,268
0,0,0,1,0,0,0,0,0,1,derived carbon,nanospheres,nanoparticles,supported,208,2,K,OH,0,0.45,2,513
0,0,0,1,0,0,0,0,0,1,derived carbon,nanospheres,nanoparticles,supported,208,2,K,OH,0,0.45,5,434
0,0,0,1,0,0,0,0,0,1,derived carbon,nanospheres,nanoparticles,supported,208,2,K,OH,0,0.45,10,368
0,0,0,1,0,0,0,0,0,1,derived carbon,nanospheres,nanoparticles,supported,208,2,K,OH,0,0.45,15,324
0,0,0,0,1,0,0,0,0,0,0,0,hollow nanoparticles,0,24.2,2,Li,OH,0,0.55,5,1725
0,0,0,0,1,0,0,0,0,0,0,0,hollow nanoparticles,0,24.2,2,Li,OH,0,0.55,10,1584
0,0,0,0,1,0,0,0,0,0,0,0,hollow nanoparticles,0,24.2,2,Li,OH,0,0.55,15,1489
0,0,0,0,1,0,0,0,0,0,0,0,hollow nanoparticles,0,24.2,2,Li,OH,0,0.55,20,1411
0,0,0,0,1,0,0,0,0,0,0,0,hollow nanoparticles,0,24.2,2,Li,OH,0,0.55,30,1293
0,0,0,0,1,0,0,0,0,0,0,0,hollow nanoparticles,0,24.2,2,Li,OH,0,0.55,40,1193
0,0,0,0,1,0,0,0,0,0,0,0,irregular nanoparticles,0,19.9,6,K,OH,0,0.55,2,1072.6
0,0,0,0,1,0,0,0,0,0,0,0,irregular nanoparticles,0,19.9,6,K,OH,0,0.55,3,912.7
0,0,0,0,1,0,0,0,0,0,0,0,irregular nanoparticles,0,19.9,6,K,OH,0,0.55,5,744.6
0,0,0,0,1,0,0,0,0,0,0,0,irregular nanoparticles,0,19.9,6,K,OH,0,0.55,7,618.5
0,0,0,0,1,0,0,0,0,0,0,0,irregular nanoparticles,0,19.9,6,K,OH,0,0.55,10,480.7
0,0,0,0,1,0,0,0,0,0,0,0,irregular nanoparticles,0,6.3,1,K,OH,0,0.45,1,782.67
0,0,0,0,1,0,0,0,0,0,0,0,irregular nanoparticles,0,6.3,1,K,OH,0,0.45,2,590.44
0,0,0,0,1,0,0,0,0,0,0,0,irregular nanoparticles,0,6.3,1,K,OH,0,0.45,5,408
0,0,0,0,1,0,0,0,0,0,0,0,irregular nanoparticles,0,6.3,1,K,OH,0,0.45,10,310
0,0,0,0,1,0,0,0,0,0,0,0,irregular nanoparticles,0,6.3,1,K,OH,0,0.45,20,237.33
0,0,0,0,1,0,0,0,0,0,0,0,irregular nanoparticles,0,6.3,1,K,OH,0,0.45,50,168.67
0,0,0,0,1,0,0,0,0,0,0,0,bulk,0,66.5,6,K,OH,0,0.45,0.5,566
0,0,0,0,1,0,0,0,0,0,0,0,bulk,0,66.5,6,K,OH,0,0.45,1,536.9
0,0,0,0,1,0,0,0,0,0,0,0,bulk,0,66.5,6,K,OH,0,0.45,2,382.7
0,0,0,0,1,0,0,0,0,0,0,0,bulk,0,66.5,6,K,OH,0,0.45,4,218.6
0,0,0,0,1,0,0,0,0,0,0,0,bulk,0,66.5,6,K,OH,0,0.45,6,112.9
0,0,0,0,1,0,0,0,0,0,0,0,bulk,0,66.5,6,K,OH,0,0.45,8,47.8
0,0,0,0,1,0,0,0,0,0,0,0,bulk,0,66.5,6,K,OH,0,0.45,10,28.8
0,0,0,0,1,0,1,0,0,1,RGO,2D nanosheets,irregular nanoparticles,supported,119.6,6,K,OH,0,0.45,0.5,645.3
0,0,0,0,1,0,1,0,0,1,RGO,2D nanosheets,irregular nanoparticles,supported,119.6,6,K,OH,0,0.45,1,594
0,0,0,0,1,0,1,0,0,1,RGO,2D nanosheets,irregular nanoparticles,supported,119.6,6,K,OH,0,0.45,2,426
0,0,0,0,1,0,1,0,0,1,RGO,2D nanosheets,irregular nanoparticles,supported,119.6,6,K,OH,0,0.45,4,317
0,0,0,0,1,0,1,0,0,1,RGO,2D nanosheets,irregular nanoparticles,supported,119.6,6,K,OH,0,0.45,6,253
0,0,0,0,1,0,1,0,0,1,RGO,2D nanosheets,irregular nanoparticles,supported,119.6,6,K,OH,0,0.45,8,201
0,0,0,0,1,0,1,0,0,1,RGO,2D nanosheets,irregular nanoparticles,supported,119.6,6,K,OH,0,0.45,10,128
0,0,0,0,1,0,0,0,0,0,0,0,flower-like clusters,0,11.4,2,Li,OH,0,0.6,1,1355
0,0,0,0,1,0,0,0,0,0,0,0,flower-like clusters,0,11.4,2,Li,OH,0,0.6,2,1240
0,0,0,0,1,0,0,0,0,0,0,0,flower-like clusters,0,11.4,2,Li,OH,0,0.6,5,1133
0,0,0,0,1,0,0,0,0,0,0,0,flower-like clusters,0,11.4,2,Li,OH,0,0.6,10,1050
0,0,0,0,1,0,0,0,0,0,0,0,flower-like clusters,0,11.4,2,Li,OH,0,0.6,15,1000
0,0,0,0,1,0,0,0,0,0,0,0,flower-like clusters,0,11.4,2,Li,OH,0,0.6,20,967
0,0,0,0,1,0,0,0,0,0,0,0,hollow rods,0,59.2,6,K,OH,0,0.55,1,1020.2
0,0,0,0,1,0,0,0,0,0,0,0,hollow rods,0,59.2,6,K,OH,0,0.55,2,821.2
0,0,0,0,1,0,0,0,0,0,0,0,hollow rods,0,59.2,6,K,OH,0,0.55,3,728.7
0,0,0,0,1,0,0,0,0,0,0,0,hollow rods,0,59.2,6,K,OH,0,0.55,5,643.6
0,0,0,0,1,0,0,0,0,0,0,0,hollow rods,0,59.2,6,K,OH,0,0.55,7,601.8
0,0,0,0,1,0,0,0,0,0,0,0,hollow rods,0,59.2,6,K,OH,0,0.55,10,534.9
0,0,0,0,1,0,0,0,0,0,0,0,hollow spheres,0,12.4,2,K,OH,0,0.4,2,1541
0,0,0,0,1,0,0,0,0,0,0,0,hollow spheres,0,12.4,2,K,OH,0,0.4,3,1421
0,0,0,0,1,0,0,0,0,0,0,0,hollow spheres,0,12.4,2,K,OH,0,0.4,4,1349
0,0,0,0,1,0,0,0,0,0,0,0,hollow spheres,0,12.4,2,K,OH,0,0.4,8,1213
0,0,0,0,1,0,0,0,0,0,0,0,hollow spheres,0,12.4,2,K,OH,0,0.4,10,1150
0,0,0,0,1,0,0,0,0,0,0,0,hollow spheres,0,12.4,2,K,OH,0,0.4,20,874
0,0,0,1,1,0,0,0,0,0,0,0,irregular nanoparticles,0,6.4,2,K,OH,0,0.4,2,1660
0,0,0,1,1,0,0,0,0,0,0,0,irregular nanoparticles,0,6.4,2,K,OH,0,0.4,3,1528
0,0,0,1,1,0,0,0,0,0,0,0,irregular nanoparticles,0,6.4,2,K,OH,0,0.4,4,1449
0,0,0,1,1,0,0,0,0,0,0,0,irregular nanoparticles,0,6.4,2,K,OH,0,0.4,8,1326
0,0,0,1,1,0,0,0,0,0,0,0,irregular nanoparticles,0,6.4,2,K,OH,0,0.4,10,1263
0,0,0,1,1,0,0,0,0,0,0,0,irregular nanoparticles,0,6.4,2,K,OH,0,0.4,20,942
0,0,0,1,1,0,0,0,0,0,0,0,irregular nanoparticles,0,29.9,2,K,OH,0,0.4,2,2141
0,0,0,1,1,0,0,0,0,0,0,0,irregular nanoparticles,0,29.9,2,K,OH,0,0.4,3,2102
0,0,0,1,1,0,0,0,0,0,0,0,irregular nanoparticles,0,29.9,2,K,OH,0,0.4,4,2030
0,0,0,1,1,0,0,0,0,0,0,0,irregular nanoparticles,0,29.9,2,K,OH,0,0.4,8,1857
0,0,0,1,1,0,0,0,0,0,0,0,irregular nanoparticles,0,29.9,2,K,OH,0,0.4,10,1797
0,0,0,1,1,0,0,0,0,0,0,0,irregular nanoparticles,0,29.9,2,K,OH,0,0.4,20,1560
0,0,0,1,1,0,0,0,0,0,0,0,irregular nanoparticles,0,20.8,2,K,OH,0,0.4,2,1822
0,0,0,1,1,0,0,0,0,0,0,0,irregular nanoparticles,0,20.8,2,K,OH,0,0.4,3,1715
0,0,0,1,1,0,0,0,0,0,0,0,irregular nanoparticles,0,20.8,2,K,OH,0,0.4,4,1670
0,0,0,1,1,0,0,0,0,0,0,0,irregular nanoparticles,0,20.8,2,K,OH,0,0.4,8,1486
0,0,0,1,1,0,0,0,0,0,0,0,irregular nanoparticles,0,20.8,2,K,OH,0,0.4,10,1402
0,0,0,1,1,0,0,0,0,0,0,0,irregular nanoparticles,0,20.8,2,K,OH,0,0.4,20,1187
0,0,0,1,1,0,0,0,0,0,0,0,irregular nanoparticles,0,25.2,2,K,OH,0,0.4,2,1437
0,0,0,1,1,0,0,0,0,0,0,0,irregular nanoparticles,0,25.2,2,K,OH,0,0.4,3,1397
0,0,0,1,1,0,0,0,0,0,0,0,irregular nanoparticles,0,25.2,2,K,OH,0,0.4,4,1349
0,0,0,1,1,0,0,0,0,0,0,0,irregular nanoparticles,0,25.2,2,K,OH,0,0.4,8,1192
0,0,0,1,1,0,0,0,0,0,0,0,irregular nanoparticles,0,25.2,2,K,OH,0,0.4,10,1126
0,0,0,1,1,0,0,0,0,0,0,0,irregular nanoparticles,0,25.2,2,K,OH,0,0.4,20,835
0,0,0,1,1,0,0,0,0,0,0,0,irregular nanoparticles,0,12.9,2,K,OH,0,0.4,2,1831
0,0,0,1,1,0,0,0,0,0,0,0,irregular nanoparticles,0,12.9,2,K,OH,0,0.4,3,1575
0,0,0,1,1,0,0,0,0,0,0,0,irregular nanoparticles,0,12.9,2,K,OH,0,0.4,4,1560
0,0,0,1,1,0,0,0,0,0,0,0,irregular nanoparticles,0,12.9,2,K,OH,0,0.4,8,1345
0,0,0,1,1,0,0,0,0,0,0,0,irregular nanoparticles,0,12.9,2,K,OH,0,0.4,10,1247
0,0,0,1,1,0,0,0,0,0,0,0,irregular nanoparticles,0,12.9,2,K,OH,0,0.4,20,908
0,0,0,1,0,0,0,0,0,0,0,0,irregular nanoparticles,0,25.1,2,K,OH,0,0.4,2,485
0,0,0,1,0,0,0,0,0,0,0,0,irregular nanoparticles,0,25.1,2,K,OH,0,0.4,3,464
0,0,0,1,0,0,0,0,0,0,0,0,irregular nanoparticles,0,25.1,2,K,OH,0,0.4,4,446
0,0,0,1,0,0,0,0,0,0,0,0,irregular nanoparticles,0,25.1,2,K,OH,0,0.4,8,375
0,0,0,1,0,0,0,0,0,0,0,0,irregular nanoparticles,0,25.1,2,K,OH,0,0.4,10,354
0,0,0,1,0,0,0,0,0,0,0,0,irregular nanoparticles,0,25.1,2,K,OH,0,0.4,20,254
0,0,0,0,1,0,0,0,0,1,Graphene,rods,irregular nanoparticles,embedded,46,6,K,OH,0,0.5,1,1443
0,0,0,0,1,0,0,0,0,1,Graphene,rods,irregular nanoparticles,embedded,46,6,K,OH,0,0.5,2,1027
0,0,0,0,1,0,0,0,0,1,Graphene,rods,irregular nanoparticles,embedded,46,6,K,OH,0,0.5,5,729
0,0,0,0,1,0,0,0,0,1,Graphene,rods,irregular nanoparticles,embedded,46,6,K,OH,0,0.5,10,475
0,0,0,0,1,0,0,0,0,1,Graphene,rods,irregular nanoparticles,embedded,46,6,K,OH,0,0.5,20,239
0,0,0,0,1,0,0,0,0,1,Graphene,rods,irregular nanoparticles,embedded,126,6,K,OH,0,0.5,1,1652
0,0,0,0,1,0,0,0,0,1,Graphene,rods,irregular nanoparticles,embedded,126,6,K,OH,0,0.5,2,1155
0,0,0,0,1,0,0,0,0,1,Graphene,rods,irregular nanoparticles,embedded,126,6,K,OH,0,0.5,5,926
0,0,0,0,1,0,0,0,0,1,Graphene,rods,irregular nanoparticles,embedded,126,6,K,OH,0,0.5,10,768
0,0,0,0,1,0,0,0,0,1,Graphene,rods,irregular nanoparticles,embedded,126,6,K,OH,0,0.5,20,594
0,0,0,0,1,0,0,0,0,1,Graphene,rods,irregular nanoparticles,embedded,111,6,K,OH,0,0.5,1,1467
0,0,0,0,1,0,0,0,0,1,Graphene,rods,irregular nanoparticles,embedded,111,6,K,OH,0,0.5,2,1061
0,0,0,0,1,0,0,0,0,1,Graphene,rods,irregular nanoparticles,embedded,111,6,K,OH,0,0.5,5,864
0,0,0,0,1,0,0,0,0,1,Graphene,rods,irregular nanoparticles,embedded,111,6,K,OH,0,0.5,10,684
0,0,0,0,1,0,0,0,0,1,Graphene,rods,irregular nanoparticles,embedded,111,6,K,OH,0,0.5,20,406
0,0,0,0,1,0,0,0,0,1,Graphene,rods,irregular nanoparticles,embedded,87,6,K,OH,0,0.5,1,1362
0,0,0,0,1,0,0,0,0,1,Graphene,rods,irregular nanoparticles,embedded,87,6,K,OH,0,0.5,2,968
0,0,0,0,1,0,0,0,0,1,Graphene,rods,irregular nanoparticles,embedded,87,6,K,OH,0,0.5,5,734
0,0,0,0,1,0,0,0,0,1,Graphene,rods,irregular nanoparticles,embedded,87,6,K,OH,0,0.5,10,556
0,0,0,0,1,0,0,0,0,1,Graphene,rods,irregular nanoparticles,embedded,87,6,K,OH,0,0.5,20,345
0,0,0,0,1,0,0,0,0,1,derived carbon & CNT,1D fibers,irregular nanoparticles,interconnection,62.6,6,K,OH,0,0.5,0.5,500
0,0,0,0,1,0,0,0,0,1,derived carbon & CNT,1D fibers,irregular nanoparticles,interconnection,62.6,6,K,OH,0,0.5,1,456
0,0,0,0,1,0,0,0,0,1,derived carbon & CNT,1D fibers,irregular nanoparticles,interconnection,62.6,6,K,OH,0,0.5,2,408
0,0,0,0,1,0,0,0,0,1,derived carbon & CNT,1D fibers,irregular nanoparticles,interconnection,62.6,6,K,OH,0,0.5,3,376.2
0,0,0,0,1,0,0,0,0,1,derived carbon & CNT,1D fibers,irregular nanoparticles,interconnection,62.6,6,K,OH,0,0.5,5,330
0,0,0,0,1,0,0,0,0,0,0,0,bulk,0,18.5,6,K,OH,0,0.4,3,834
0,0,0,0,1,0,0,0,0,1,derived carbon,3D porous,spheres,coated,24.6,6,K,OH,0,0.4,2,2212
0,0,0,0,1,0,0,0,0,1,derived carbon,3D porous,spheres,coated,24.6,6,K,OH,0,0.4,3,1634.5
0,0,0,0,1,0,0,0,0,1,derived carbon,3D porous,spheres,coated,24.6,6,K,OH,0,0.4,4,1488
0,0,0,0,1,0,0,0,0,1,derived carbon,3D porous,spheres,coated,24.6,6,K,OH,0,0.4,5,1412
0,0,0,0,1,0,0,0,0,1,derived carbon,3D porous,spheres,coated,24.6,6,K,OH,0,0.4,7,1136
0,0,0,0,1,0,0,0,0,1,derived carbon,3D porous,spheres,coated,24.6,6,K,OH,0,0.4,10,977.5
0,0,0,0,1,0,0,0,0,1,derived carbon,3D porous,irregular nanoparticles,supported,64.3,6,K,OH,0,0.5,0.5,2021.76
0,0,0,0,1,0,0,0,0,1,derived carbon,3D porous,irregular nanoparticles,supported,64.3,6,K,OH,0,0.5,1,1834.56
0,0,0,0,1,0,0,0,0,1,derived carbon,3D porous,irregular nanoparticles,supported,64.3,6,K,OH,0,0.5,2,1669.68
0,0,0,0,1,0,0,0,0,1,derived carbon,3D porous,irregular nanoparticles,supported,64.3,6,K,OH,0,0.5,5,1399.68
0,0,0,0,1,0,0,0,0,1,derived carbon,3D porous,irregular nanoparticles,supported,64.3,6,K,OH,0,0.5,10,1010.88
0,0,0,0,1,0,0,0,0,1,derived carbon,3D porous,irregular nanoparticles,supported,64.3,6,K,OH,0,0.5,20,825.84
0,0,0,0,1,0,0,0,0,1,derived carbon,3D porous,irregular nanoparticles,supported,121.6,6,K,OH,0,0.5,0.5,2196.72
0,0,0,0,1,0,0,0,0,1,derived carbon,3D porous,irregular nanoparticles,supported,121.6,6,K,OH,0,0.5,1,1772.64
0,0,0,0,1,0,0,0,0,1,derived carbon,3D porous,irregular nanoparticles,supported,121.6,6,K,OH,0,0.5,2,1556.64
0,0,0,0,1,0,0,0,0,1,derived carbon,3D porous,irregular nanoparticles,supported,121.6,6,K,OH,0,0.5,5,1321.92
0,0,0,0,1,0,0,0,0,1,derived carbon,3D porous,irregular nanoparticles,supported,121.6,6,K,OH,0,0.5,10,1088.64
0,0,0,0,1,0,0,0,0,1,derived carbon,3D porous,irregular nanoparticles,supported,121.6,6,K,OH,0,0.5,20,794.16
0,0,0,0,1,0,0,0,0,1,derived carbon,3D porous,irregular nanoparticles,supported,141.5,6,K,OH,0,0.5,0.5,3039.84
0,0,0,0,1,0,0,0,0,1,derived carbon,3D porous,irregular nanoparticles,supported,141.5,6,K,OH,0,0.5,1,2413.44
0,0,0,0,1,0,0,0,0,1,derived carbon,3D porous,irregular nanoparticles,supported,141.5,6,K,OH,0,0.5,2,2445.12
0,0,0,0,1,0,0,0,0,1,derived carbon,3D porous,irregular nanoparticles,supported,141.5,6,K,OH,0,0.5,5,2134.08
0,0,0,0,1,0,0,0,0,1,derived carbon,3D porous,irregular nanoparticles,supported,141.5,6,K,OH,0,0.5,10,1710.72
0,0,0,0,1,0,0,0,0,1,derived carbon,3D porous,irregular nanoparticles,supported,141.5,6,K,OH,0,0.5,20,1253.52
0,0,0,0,1,0,0,0,0,1,derived carbon,3D porous,irregular nanoparticles,supported,160.1,6,K,OH,0,0.5,0.5,2682.72
0,0,0,0,1,0,0,0,0,1,derived carbon,3D porous,irregular nanoparticles,supported,160.1,6,K,OH,0,0.5,1,2519.28
0,0,0,0,1,0,0,0,0,1,derived carbon,3D porous,irregular nanoparticles,supported,160.1,6,K,OH,0,0.5,2,2362.32
0,0,0,0,1,0,0,0,0,1,derived carbon,3D porous,irregular nanoparticles,supported,160.1,6,K,OH,0,0.5,5,2013.84
0,0,0,0,1,0,0,0,0,1,derived carbon,3D porous,irregular nanoparticles,supported,160.1,6,K,OH,0,0.5,10,1555.2
0,0,0,0,1,0,0,0,0,1,derived carbon,3D porous,irregular nanoparticles,supported,160.1,6,K,OH,0,0.5,20,902.16
0,0,0,0,1,0,0,0,0,1,derived carbon,3D porous,irregular nanoparticles,supported,107.8,6,K,OH,0,0.5,0.5,1535.76
0,0,0,0,1,0,0,0,0,1,derived carbon,3D porous,irregular nanoparticles,supported,107.8,6,K,OH,0,0.5,1,1430.64
0,0,0,0,1,0,0,0,0,1,derived carbon,3D porous,irregular nanoparticles,supported,107.8,6,K,OH,0,0.5,2,1214.64
0,0,0,0,1,0,0,0,0,1,derived carbon,3D porous,irregular nanoparticles,supported,107.8,6,K,OH,0,0.5,5,1080.72
0,0,0,0,1,0,0,0,0,1,derived carbon,3D porous,irregular nanoparticles,supported,107.8,6,K,OH,0,0.5,10,933.12
0,0,0,0,1,0,0,0,0,1,derived carbon,3D porous,irregular nanoparticles,supported,107.8,6,K,OH,0,0.5,20,622.08
0,0,0,0,1,0,0,0,0,1,CC,1D fibers,flower-like clusters,supported,72.6,3,K,OH,0,0.4,0.4,1168
0,0,0,0,1,0,0,0,0,1,CC,1D fibers,flower-like clusters,supported,72.6,3,K,OH,0,0.4,0.8,1074
0,0,0,0,1,0,0,0,0,1,CC,1D fibers,flower-like clusters,supported,72.6,3,K,OH,0,0.4,1,868
0,0,0,0,1,0,0,0,0,1,CC,1D fibers,flower-like clusters,supported,72.6,3,K,OH,0,0.4,2,679
0,0,0,0,1,0,0,0,0,1,CC,1D fibers,flower-like clusters,supported,72.6,3,K,OH,0,0.4,5,582
0,0,0,0,1,0,0,0,0,1,derived carbon & CNT,3D porous,spheres,interconnection,12,2,K,OH,0,0.5,0.5,650
0,0,0,0,1,0,0,0,0,1,derived carbon & CNT,3D porous,spheres,interconnection,12,2,K,OH,0,0.5,1,643
0,0,0,0,1,0,0,0,0,1,derived carbon & CNT,3D porous,spheres,interconnection,12,2,K,OH,0,0.5,2,614
0,0,0,0,1,0,0,0,0,1,derived carbon & CNT,3D porous,spheres,interconnection,12,2,K,OH,0,0.5,3,584
0,0,0,0,1,0,0,0,0,1,derived carbon & CNT,3D porous,spheres,interconnection,12,2,K,OH,0,0.5,4,546
0,0,0,0,1,0,0,0,0,1,derived carbon & CNT,3D porous,spheres,interconnection,12,2,K,OH,0,0.5,5,509
0,0,0,0,1,0,0,0,0,1,derived carbon & CNT,3D porous,spheres,interconnection,43.5,2,K,OH,0,0.5,0.5,901
0,0,0,0,1,0,0,0,0,1,derived carbon & CNT,3D porous,spheres,interconnection,43.5,2,K,OH,0,0.5,1,895
0,0,0,0,1,0,0,0,0,1,derived carbon & CNT,3D porous,spheres,interconnection,43.5,2,K,OH,0,0.5,2,848
0,0,0,0,1,0,0,0,0,1,derived carbon & CNT,3D porous,spheres,interconnection,43.5,2,K,OH,0,0.5,3,800
0,0,0,0,1,0,0,0,0,1,derived carbon & CNT,3D porous,spheres,interconnection,43.5,2,K,OH,0,0.5,4,736
0,0,0,0,1,0,0,0,0,1,derived carbon & CNT,3D porous,spheres,interconnection,43.5,2,K,OH,0,0.5,5,672
0,0,0,0,1,0,0,0,0,1,derived carbon & CNT,3D porous,spheres,interconnection,52.2,2,K,OH,0,0.5,0.5,1573
0,0,0,0,1,0,0,0,0,1,derived carbon & CNT,3D porous,spheres,interconnection,52.2,2,K,OH,0,0.5,1,1430
0,0,0,0,1,0,0,0,0,1,derived carbon & CNT,3D porous,spheres,interconnection,52.2,2,K,OH,0,0.5,2,1251
0,0,0,0,1,0,0,0,0,1,derived carbon & CNT,3D porous,spheres,interconnection,52.2,2,K,OH,0,0.5,3,1128
0,0,0,0,1,0,0,0,0,1,derived carbon & CNT,3D porous,spheres,interconnection,52.2,2,K,OH,0,0.5,4,1024
0,0,0,0,1,0,0,0,0,1,derived carbon & CNT,3D porous,spheres,interconnection,52.2,2,K,OH,0,0.5,5,930
0,0,0,0,1,0,0,0,0,1,derived carbon & CNT,3D porous,spheres,interconnection,37.7,2,K,OH,0,0.5,0.5,729
0,0,0,0,1,0,0,0,0,1,derived carbon & CNT,3D porous,spheres,interconnection,37.7,2,K,OH,0,0.5,1,678
0,0,0,0,1,0,0,0,0,1,derived carbon & CNT,3D porous,spheres,interconnection,37.7,2,K,OH,0,0.5,2,614
0,0,0,0,1,0,0,0,0,1,derived carbon & CNT,3D porous,spheres,interconnection,37.7,2,K,OH,0,0.5,3,549
0,0,0,0,1,0,0,0,0,1,derived carbon & CNT,3D porous,spheres,interconnection,37.7,2,K,OH,0,0.5,4,478
0,0,0,0,1,0,0,0,0,1,derived carbon & CNT,3D porous,spheres,interconnection,37.7,2,K,OH,0,0.5,5,419
0,0,0,0,1,0,0,0,0,1,derived carbon,3D porous,hollow spheres,coated,18,2,K,OH,0,0.4,1,1707.5
0,0,0,0,1,0,0,0,0,1,derived carbon,3D porous,hollow spheres,coated,18,2,K,OH,0,0.4,10,701.25
0,0,0,0,1,0,0,0,0,1,derived carbon,3D porous,hollow spheres,coated,24,2,K,OH,0,0.4,1,1843.25
0,0,0,0,1,0,0,0,0,1,derived carbon,3D porous,hollow spheres,coated,24,2,K,OH,0,0.4,2,1742.75
0,0,0,0,1,0,0,0,0,1,derived carbon,3D porous,hollow spheres,coated,24,2,K,OH,0,0.4,3,1661
0,0,0,0,1,0,0,0,0,1,derived carbon,3D porous,hollow spheres,coated,24,2,K,OH,0,0.4,5,1537
0,0,0,0,1,0,0,0,0,1,derived carbon,3D porous,hollow spheres,coated,24,2,K,OH,0,0.4,7,1414.25
0,0,0,0,1,0,0,0,0,1,derived carbon,3D porous,hollow spheres,coated,24,2,K,OH,0,0.4,10,1280.25
0,0,0,0,1,0,0,0,0,1,derived carbon,3D porous,hollow spheres,coated,24,2,K,OH,0,0.4,15,1121.5
0,0,0,0,0,1,0,0,0,0,0,0,bulk,0,32,2,K,OH,-0.1,0.55,1,813.5
0,0,0,0,0,1,0,0,0,0,0,0,bulk,0,32,2,K,OH,-0.1,0.55,1,638
0,0,0,0,0,1,0,0,0,0,0,0,bulk,0,32,2,K,OH,-0.1,0.55,1,515
0,0,0,0,0,1,0,0,0,1,RGO,2D nanosheets,bulk,supported,59,2,K,OH,-0.1,0.55,1,1238
0,0,0,0,0,1,0,0,0,1,RGO,2D nanosheets,bulk,supported,59,2,K,OH,-0.1,0.55,2,784
0,0,0,0,0,1,0,0,0,1,RGO,2D nanosheets,bulk,supported,59,2,K,OH,-0.1,0.55,3,565
0,0,0,0,0,0,1,0,0,0,0,0,flower-like clusters,0,12.7,1,Na,SO4,-0.8,-0.3,1,100
0,0,0,0,0,0,1,0,0,0,0,0,flower-like clusters,0,12.7,1,Na,SO4,-0.8,-0.3,2,89
0,0,0,0,0,0,1,0,0,0,0,0,flower-like clusters,0,12.7,1,Na,SO4,-0.8,-0.3,3,83
0,0,0,0,0,0,1,0,0,0,0,0,flower-like clusters,0,12.7,1,Na,SO4,-0.8,-0.3,5,77
0,0,0,0,0,0,1,0,0,0,0,0,flower-like clusters,0,12.7,1,Na,SO4,-0.8,-0.3,7,72
0,0,0,0,0,0,1,0,0,0,0,0,flower-like clusters,0,12.7,1,Na,SO4,-0.8,-0.3,10,66
0,0,0,0,0,0,1,0,0,0,0,0,flower-like clusters,0,12.7,1,Na,SO4,-0.8,-0.3,15,58
0,0,0,0,0,0,1,0,0,0,0,0,flower-like clusters,0,12.7,1,Na,SO4,-0.8,-0.3,20,52
0,0,0,0,0,0,1,0,0,0,0,0,flower-like clusters,0,19.5,1,Na,SO4,-0.8,-0.3,1,180
0,0,0,0,0,0,1,0,0,0,0,0,flower-like clusters,0,19.5,1,Na,SO4,-0.8,-0.3,2,141
0,0,0,0,0,0,1,0,0,0,0,0,flower-like clusters,0,19.5,1,Na,SO4,-0.8,-0.3,3,130
0,0,0,0,0,0,1,0,0,0,0,0,flower-like clusters,0,19.5,1,Na,SO4,-0.8,-0.3,5,119
0,0,0,0,0,0,1,0,0,0,0,0,flower-like clusters,0,19.5,1,Na,SO4,-0.8,-0.3,7,113
0,0,0,0,0,0,1,0,0,0,0,0,flower-like clusters,0,19.5,1,Na,SO4,-0.8,-0.3,10,105
0,0,0,0,0,0,1,0,0,0,0,0,flower-like clusters,0,19.5,1,Na,SO4,-0.8,-0.3,15,95
0,0,0,0,0,0,1,0,0,0,0,0,flower-like clusters,0,19.5,1,Na,SO4,-0.8,-0.3,20,86
0,0,0,0,0,0,1,0,0,0,0,0,nanosheets,0,22,1,H,SO4,-0.1,0.6,0.5,148
0,0,0,0,0,0,1,0,0,0,0,0,nanosheets,0,22,1,H,SO4,-0.1,0.6,1,136
0,0,0,0,0,0,1,0,0,0,0,0,nanosheets,0,22,1,H,SO4,-0.1,0.6,2,123
0,0,0,0,0,0,1,0,0,0,0,0,nanosheets,0,22,1,H,SO4,-0.1,0.6,5,113
0,0,0,0,0,0,1,0,0,0,0,0,nanosheets,0,22,1,H,SO4,-0.1,0.6,10,102
0,0,0,0,0,0,1,0,0,0,0,0,nanosheets,0,22,1,H,SO4,-0.1,0.6,20,97
0,0,0,0,0,0,1,0,0,0,0,0,nanosheets,0,22,1,H,SO4,-0.1,0.6,30,94
0,0,0,0,0,0,1,0,0,0,0,0,flower-like clusters,0,18.7,1,K,Cl,-0.9,0.2,0.5,178
0,0,0,0,0,0,1,0,0,0,0,0,flower-like clusters,0,18.7,1,K,Cl,-0.9,0.2,1,168
0,0,0,0,0,0,1,0,0,0,0,0,flower-like clusters,0,18.7,1,K,Cl,-0.9,0.2,2,159
0,0,0,0,0,0,1,0,0,0,0,0,flower-like clusters,0,18.7,1,K,Cl,-0.9,0.2,4,148
0,0,0,0,0,0,1,0,0,0,0,0,flower-like clusters,0,21.1,1,Na,SO4,-0.8,0.2,1,129.2
0,0,0,0,0,0,1,0,0,0,0,0,flower-like clusters,0,21.1,1,Na,SO4,-0.8,0.2,1.5,115.1
0,0,0,0,0,0,1,0,0,0,0,0,flower-like clusters,0,21.1,1,Na,SO4,-0.8,0.2,3,102.3
0,0,0,0,0,0,1,0,0,0,0,0,flower-like clusters,0,21.1,1,Na,SO4,-0.8,0.2,5,92
0,0,0,0,0,0,1,0,0,0,0,0,flower-like clusters,0,21.1,1,Na,SO4,-0.8,0.2,10,73.8
0,0,0,0,0,0,1,0,0,0,0,0,nanosheets,0,6.6,1,Na,SO4,-0.8,0.2,0.1,226.1
0,0,0,0,0,0,1,0,0,0,0,0,nanosheets,0,6.6,1,Na,SO4,-0.8,0.2,0.2,150.7
0,0,0,0,0,0,1,0,0,0,0,0,nanosheets,0,6.6,1,Na,SO4,-0.8,0.2,0.3,133.8
0,0,0,0,0,0,1,0,0,0,0,0,nanosheets,0,6.6,1,Na,SO4,-0.8,0.2,0.5,101.5
0,0,0,0,0,0,1,0,0,0,0,0,nanosheets,0,6.6,1,Na,SO4,-0.8,0.2,0.6,85.4
0,0,0,0,0,0,1,0,0,0,0,0,nanosheets,0,6.6,1,Na,SO4,-0.8,0.2,0.7,75.3
0,0,0,0,0,0,1,0,0,0,0,0,nanosheets,0,6.6,1,Na,SO4,-0.8,0.2,1,34.6
0,0,0,0,0,0,1,0,0,1,Graphene,2D nanosheets,nanosheets,supported,365.8,1,Na,SO4,-0.8,0.2,0.1,270
0,0,0,0,0,0,1,0,0,1,Graphene,2D nanosheets,nanosheets,supported,365.8,1,Na,SO4,-0.8,0.2,0.2,240
0,0,0,0,0,0,1,0,0,1,Graphene,2D nanosheets,nanosheets,supported,365.8,1,Na,SO4,-0.8,0.2,0.3,180
0,0,0,0,0,0,1,0,0,1,Graphene,2D nanosheets,nanosheets,supported,365.8,1,Na,SO4,-0.8,0.2,0.5,155
0,0,0,0,0,0,1,0,0,1,Graphene,2D nanosheets,nanosheets,supported,365.8,1,Na,SO4,-0.8,0.2,0.6,135.5
0,0,0,0,0,0,1,0,0,1,Graphene,2D nanosheets,nanosheets,supported,365.8,1,Na,SO4,-0.8,0.2,0.7,126
0,0,0,0,0,0,1,0,0,1,Graphene,2D nanosheets,nanosheets,supported,365.8,1,Na,SO4,-0.8,0.2,1,90
0,0,0,0,0,0,1,0,0,1,CNF,1D fibers,flower-like clusters,supported,115,1,Na,SO4,-0.7,0,0.5,225
0,0,0,0,0,0,1,0,0,1,CNF,1D fibers,flower-like clusters,supported,115,1,Na,SO4,-0.7,0,1,214.8
0,0,0,0,0,0,1,0,0,1,CNF,1D fibers,flower-like clusters,supported,115,1,Na,SO4,-0.7,0,2,131
0,0,0,0,0,0,1,0,0,1,CNF,1D fibers,flower-like clusters,supported,115,1,Na,SO4,-0.7,0,3,120
0,0,0,0,0,0,1,0,0,1,CNF,1D fibers,flower-like clusters,supported,115,1,Na,SO4,-0.7,0,4,112
0,0,0,0,0,0,1,0,0,1,CNF,1D fibers,flower-like clusters,supported,115,1,Na,SO4,-0.7,0,5,106
0,0,0,0,0,0,1,0,0,0,0,0,flower-like clusters,0,30,3,K,OH,0,0.42,1,159
0,0,0,0,0,0,1,0,0,0,0,0,flower-like clusters,0,30,3,K,OH,0,0.42,2,149
0,0,0,0,0,0,1,0,0,0,0,0,flower-like clusters,0,30,3,K,OH,0,0.42,3,135
0,0,0,0,0,0,1,0,0,0,0,0,flower-like clusters,0,30,3,K,OH,0,0.42,5,124
0,0,0,0,0,0,1,0,0,0,0,0,flower-like clusters,0,30,3,K,OH,0,0.42,10,112
0,0,0,0,0,0,1,0,0,0,0,0,flower-like clusters,0,30,3,K,OH,0,0.42,20,99
0,0,0,0,0,0,1,0,0,1,derived carbon,nanoparticles,flower-like clusters,embedded,39.4,3,K,OH,0,0.42,1,452.7
0,0,0,0,0,0,1,0,0,1,derived carbon,nanoparticles,flower-like clusters,embedded,39.4,3,K,OH,0,0.42,2,404.3
0,0,0,0,0,0,1,0,0,1,derived carbon,nanoparticles,flower-like clusters,embedded,39.4,3,K,OH,0,0.42,3,395.4
0,0,0,0,0,0,1,0,0,1,derived carbon,nanoparticles,flower-like clusters,embedded,39.4,3,K,OH,0,0.42,5,386.3
0,0,0,0,0,0,1,0,0,1,derived carbon,nanoparticles,flower-like clusters,embedded,39.4,3,K,OH,0,0.42,10,318.1
0,0,0,0,0,0,1,0,0,1,derived carbon,nanoparticles,flower-like clusters,embedded,39.4,3,K,OH,0,0.42,20,272.7
0,0,0,0,0,0,1,0,0,0,0,0,flower-like clusters,0,9.3,6,K,OH,0,0.5,2,109
0,0,0,0,0,0,1,0,0,0,0,0,flower-like clusters,0,9.3,6,K,OH,0,0.5,5,100
0,0,0,0,0,0,1,0,0,0,0,0,flower-like clusters,0,9.3,6,K,OH,0,0.5,10,75
0,0,0,0,0,0,1,0,0,0,0,0,flower-like clusters,0,9.3,6,K,OH,0,0.5,15,61
0,0,0,0,0,0,1,0,0,1,Graphene,2D nanosheets,flower-like clusters,supported,10.3,6,K,OH,0,0.5,2,132
0,0,0,0,0,0,1,0,0,1,Graphene,2D nanosheets,flower-like clusters,supported,10.3,6,K,OH,0,0.5,5,111
0,0,0,0,0,0,1,0,0,1,Graphene,2D nanosheets,flower-like clusters,supported,10.3,6,K,OH,0,0.5,10,89
0,0,0,0,0,0,1,0,0,1,Graphene,2D nanosheets,flower-like clusters,supported,10.3,6,K,OH,0,0.5,15,66
0,0,0,0,0,0,1,0,0,1,Graphene,2D nanosheets,flower-like clusters,supported,15,6,K,OH,0,0.5,2,145
0,0,0,0,0,0,1,0,0,1,Graphene,2D nanosheets,flower-like clusters,supported,15,6,K,OH,0,0.5,5,132
0,0,0,0,0,0,1,0,0,1,Graphene,2D nanosheets,flower-like clusters,supported,15,6,K,OH,0,0.5,10,111
0,0,0,0,0,0,1,0,0,1,Graphene,2D nanosheets,flower-like clusters,supported,15,6,K,OH,0,0.5,15,98
0,0,0,0,0,0,1,0,0,1,Graphene,2D nanosheets,flower-like clusters,supported,26.1,6,K,OH,0,0.5,2,212
0,0,0,0,0,0,1,0,0,1,Graphene,2D nanosheets,flower-like clusters,supported,26.1,6,K,OH,0,0.5,5,155
0,0,0,0,0,0,1,0,0,1,Graphene,2D nanosheets,flower-like clusters,supported,26.1,6,K,OH,0,0.5,10,133
0,0,0,0,0,0,1,0,0,1,Graphene,2D nanosheets,flower-like clusters,supported,26.1,6,K,OH,0,0.5,15,105
0,0,0,0,0,0,1,0,0,1,Graphene,2D nanosheets,flower-like clusters,supported,13.3,6,K,OH,0,0.5,2,199
0,0,0,0,0,0,1,0,0,1,Graphene,2D nanosheets,flower-like clusters,supported,13.3,6,K,OH,0,0.5,5,136
0,0,0,0,0,0,1,0,0,1,Graphene,2D nanosheets,flower-like clusters,supported,13.3,6,K,OH,0,0.5,10,120
0,0,0,0,0,0,1,0,0,1,Graphene,2D nanosheets,flower-like clusters,supported,13.3,6,K,OH,0,0.5,15,100
0,0,0,0,0,0,1,0,0,0,0,0,nanosheets,0,21.1,1,Na,SO4,-0.8,0.2,1,119
0,0,0,0,0,0,1,0,0,0,0,0,nanosheets,0,21.1,1,Na,SO4,-0.8,0.2,1.5,108
0,0,0,0,0,0,1,0,0,0,0,0,nanosheets,0,21.1,1,Na,SO4,-0.8,0.2,3,94
0,0,0,0,0,0,1,0,0,0,0,0,nanosheets,0,21.1,1,Na,SO4,-0.8,0.2,5,85
0,0,0,0,0,0,1,0,0,0,0,0,nanosheets,0,21.1,1,Na,SO4,-0.8,0.2,10,71
0,0,0,0,0,0,1,0,0,1,derived carbon,3D porous,nanosheets,supported,918,1,Na,SO4,-0.8,0.2,1,251
0,0,0,0,0,0,1,0,0,1,derived carbon,3D porous,nanosheets,supported,918,1,Na,SO4,-0.8,0.2,1.5,233
0,0,0,0,0,0,1,0,0,1,derived carbon,3D porous,nanosheets,supported,918,1,Na,SO4,-0.8,0.2,3,215
0,0,0,0,0,0,1,0,0,1,derived carbon,3D porous,nanosheets,supported,918,1,Na,SO4,-0.8,0.2,5,196
0,0,0,0,0,0,1,0,0,1,derived carbon,3D porous,nanosheets,supported,918,1,Na,SO4,-0.8,0.2,10,181
0,0,0,0,0,0,1,0,0,1,RGO,2D nanosheets,nanosheets,supported,70.1,1,H,SO4,-0.6,0.2,0.75,331
0,0,0,0,0,0,1,0,0,1,RGO,2D nanosheets,nanosheets,supported,70.1,1,H,SO4,-0.6,0.2,1,310
0,0,0,0,0,0,1,0,0,1,RGO,2D nanosheets,nanosheets,supported,70.1,1,H,SO4,-0.6,0.2,2,247
0,0,0,0,0,0,1,0,0,1,RGO,2D nanosheets,nanosheets,supported,70.1,1,H,SO4,-0.6,0.2,3,231
0,0,0,0,0,0,1,0,0,1,RGO,2D nanosheets,nanosheets,supported,70.1,1,H,SO4,-0.6,0.2,4,216
0,0,0,0,0,0,1,0,0,1,RGO,2D nanosheets,nanosheets,supported,70.1,1,H,SO4,-0.6,0.2,5,206
0,0,0,0,0,0,1,0,0,1,RGO,2D nanosheets,nanosheets,supported,70.1,1,H,SO4,-0.6,0.2,10,172
0,0,0,0,0,0,1,0,0,1,RGO,2D nanosheets,nanosheets,supported,24.8,1,H,SO4,-0.6,0.2,0.75,103
0,0,0,0,0,0,1,0,0,0,0,0,irregular nanoparticles,0,1.8,1,K,OH,0,0.6,2,173
0,0,0,0,0,0,1,0,0,0,0,0,irregular nanoparticles,0,1.8,1,K,OH,0,0.6,4,169
0,0,0,0,0,0,1,0,0,0,0,0,irregular nanoparticles,0,1.8,1,K,OH,0,0.6,6,146
0,0,0,0,0,0,1,0,0,0,0,0,irregular nanoparticles,0,1.8,1,K,OH,0,0.6,8,125
0,0,0,0,0,0,1,0,0,0,0,0,irregular nanoparticles,0,1.8,1,K,OH,0,0.6,10,111
0,0,0,0,0,0,1,0,0,0,0,0,irregular nanoparticles,0,1.8,1,K,OH,0,0.6,20,102
0,0,0,0,0,0,1,0,1,1,RGO,2D nanosheets,nanosheets,supported,109,3,K,OH,0,0.4,1,365
0,0,0,0,0,0,1,0,1,1,RGO,2D nanosheets,nanosheets,supported,109,3,K,OH,0,0.4,2,343
0,0,0,0,0,0,1,0,1,1,RGO,2D nanosheets,nanosheets,supported,109,3,K,OH,0,0.4,4,312
0,0,0,0,0,0,1,0,1,1,RGO,2D nanosheets,nanosheets,supported,109,3,K,OH,0,0.4,8,280
0,0,0,0,0,0,0,1,0,0,0,0,flower-like clusters,0,64.8,2,K,OH,0,0.5,1,431.82
0,0,0,0,0,0,0,1,0,0,0,0,flower-like clusters,0,64.8,2,K,OH,0,0.5,2,398.88
0,0,0,0,0,0,0,1,0,0,0,0,flower-like clusters,0,64.8,2,K,OH,0,0.5,3,312.18
0,0,0,0,0,0,0,1,0,0,0,0,flower-like clusters,0,64.8,2,K,OH,0,0.5,5,272
0,0,0,0,0,0,0,1,0,0,0,0,flower-like clusters,0,64.8,2,K,OH,0,0.5,7,230.7
0,0,0,0,0,0,0,1,0,0,0,0,flower-like clusters,0,64.8,2,K,OH,0,0.5,8,156.88
0,0,0,0,0,0,0,1,0,0,0,0,flower-like clusters,0,64.8,2,K,OH,0,0.5,10,126.2
0,0,0,0,0,0,0,1,0,0,0,0,bulk,0,27.4,2,K,OH,0,0.5,1,112.72
0,0,0,0,0,0,0,1,0,0,0,0,bulk,0,27.4,2,K,OH,0,0.5,2,104.95
0,0,0,0,0,0,0,1,0,0,0,0,bulk,0,27.4,2,K,OH,0,0.5,3,67.76
0,0,0,0,0,0,0,1,0,0,0,0,bulk,0,27.4,2,K,OH,0,0.5,5,67
0,0,0,0,0,0,0,1,0,0,0,0,bulk,0,27.4,2,K,OH,0,0.5,7,44.24
0,0,0,0,0,0,0,1,0,0,0,0,bulk,0,27.4,2,K,OH,0,0.5,8,35.36
0,0,0,0,0,0,0,1,0,0,0,0,bulk,0,27.4,2,K,OH,0,0.5,10,28.8
0,0,0,0,0,0,0,1,0,0,0,0,irregular nanoparticles,0,32.9,2,K,OH,0,0.5,1,390.38
0,0,0,0,0,0,0,1,0,0,0,0,irregular nanoparticles,0,32.9,2,K,OH,0,0.5,2,366.24
0,0,0,0,0,0,0,1,0,0,0,0,irregular nanoparticles,0,32.9,2,K,OH,0,0.5,3,247.2
0,0,0,0,0,0,0,1,0,0,0,0,irregular nanoparticles,0,32.9,2,K,OH,0,0.5,5,240.3
0,0,0,0,0,0,0,1,0,0,0,0,irregular nanoparticles,0,32.9,2,K,OH,0,0.5,7,171.52
0,0,0,0,0,0,0,1,0,0,0,0,irregular nanoparticles,0,32.9,2,K,OH,0,0.5,8,121.04
0,0,0,0,0,0,0,1,0,0,0,0,irregular nanoparticles,0,32.9,2,K,OH,0,0.5,10,100.4
0,0,0,0,0,0,0,1,0,0,0,0,nanosheets,0,17.5,3.5,K,OH,-0.1,0.4,1,89.4
0,0,0,0,0,0,0,1,0,0,0,0,nanosheets,0,17.5,3.5,K,OH,-0.1,0.4,2,71.3
0,0,0,0,0,0,0,1,0,0,0,0,nanosheets,0,17.5,3.5,K,OH,-0.1,0.4,4,64.9
0,0,0,0,0,0,0,1,0,0,0,0,nanosheets,0,17.5,3.5,K,OH,-0.1,0.4,10,50.6
0,0,0,0,0,0,1,1,0,0,0,0,flower-like clusters,0,31.4,3.5,K,OH,-0.1,0.4,1,213.2
0,0,0,0,0,0,1,1,0,0,0,0,flower-like clusters,0,31.4,3.5,K,OH,-0.1,0.4,2,184.2
0,0,0,0,0,0,1,1,0,0,0,0,flower-like clusters,0,31.4,3.5,K,OH,-0.1,0.4,4,152.6
0,0,0,0,0,0,1,1,0,0,0,0,flower-like clusters,0,31.4,3.5,K,OH,-0.1,0.4,10,78.7
0,0,0,0,0,0,0,1,0,0,0,0,flower-like clusters,0,10.7,1,K,Cl,0,0.8,1,125
0,0,0,0,0,0,0,1,0,0,0,0,irregular nanoparticles,0,52.4,2,K,OH,0,0.42,1,497
0,0,0,0,0,0,0,1,0,0,0,0,irregular nanoparticles,0,52.4,2,K,OH,0,0.42,1.5,471
0,0,0,0,0,0,0,1,0,0,0,0,irregular nanoparticles,0,52.4,2,K,OH,0,0.42,2,454
0,0,0,0,0,0,0,1,0,0,0,0,irregular nanoparticles,0,52.4,2,K,OH,0,0.42,2.5,437
0,0,0,0,0,0,0,1,0,0,0,0,irregular nanoparticles,0,52.4,2,K,OH,0,0.42,3,429
0,0,0,0,0,0,0,1,0,0,0,0,irregular nanoparticles,0,52.4,2,K,OH,0,0.42,5,343
0,0,0,0,0,0,0,1,0,1,MWCNT,tubes,irregular nanoparticles,interconnection,64.3,2,K,OH,0,0.42,1,938
0,0,0,0,0,0,0,1,0,1,MWCNT,tubes,irregular nanoparticles,interconnection,64.3,2,K,OH,0,0.42,1.5,906
0,0,0,0,0,0,0,1,0,1,MWCNT,tubes,irregular nanoparticles,interconnection,64.3,2,K,OH,0,0.42,2,882
0,0,0,0,0,0,0,1,0,1,MWCNT,tubes,irregular nanoparticles,interconnection,64.3,2,K,OH,0,0.42,2.5,857
0,0,0,0,0,0,0,1,0,1,MWCNT,tubes,irregular nanoparticles,interconnection,64.3,2,K,OH,0,0.42,3,803
0,0,0,0,0,0,0,1,0,1,MWCNT,tubes,irregular nanoparticles,interconnection,64.3,2,K,OH,0,0.42,3.5,774
0,0,0,0,0,0,0,1,0,1,MWCNT,tubes,irregular nanoparticles,interconnection,64.3,2,K,OH,0,0.42,4,730
0,0,0,0,0,0,0,1,0,1,MWCNT,tubes,irregular nanoparticles,interconnection,64.3,2,K,OH,0,0.42,4.5,704
0,0,0,0,0,0,0,1,0,1,MWCNT,tubes,irregular nanoparticles,interconnection,64.3,2,K,OH,0,0.42,5,682
0,0,0,0,0,0,0,1,0,0,0,0,irregular nanoparticles,0,25,1,Li,SO4,-0.6,0.4,1,45.65
0,0,0,0,0,0,0,1,0,0,0,0,irregular nanoparticles,0,25,1,Na,SO4,-0.3,0.7,1,18.4
0,0,0,0,0,0,0,1,0,0,0,0,irregular nanoparticles,0,25,1,K,OH,-0.6,0.4,1,62.85
0,0,0,0,0,0,0,1,0,0,0,0,flower-like clusters,0,42,1,Li,SO4,-0.6,0.4,1,112
0,0,0,0,0,0,0,1,0,0,0,0,flower-like clusters,0,42,1,Na,SO4,-0.3,0.7,1,19.74
0,0,0,0,0,0,0,1,0,0,0,0,flower-like clusters,0,42,1,K,OH,-0.6,0.4,1,89.14
0,0,0,0,0,0,0,1,0,0,0,0,rods,0,72.4,1,Na,OH,-0.2,0.6,3,165.2
0,0,0,0,0,0,0,1,0,0,0,0,rods,0,72.4,1,Na,OH,-0.2,0.6,3.5,160
0,0,0,0,0,0,0,1,0,0,0,0,rods,0,72.4,1,Na,OH,-0.2,0.6,5,131.3
0,0,0,0,0,0,0,1,0,0,0,0,rods,0,72.4,1,Na,OH,-0.2,0.6,10,122
0,0,0,0,0,0,0,1,0,0,0,0,rods,0,72.4,1,Na,OH,-0.2,0.6,20,108
0,0,0,0,0,0,0,1,0,0,0,0,nanosheets,0,44.6,2,K,OH,-0.4,0.2,1,85.4
0,0,0,0,0,0,0,1,0,0,0,0,nanosheets,0,44.6,2,K,OH,-0.4,0.2,2,47.7
0,0,0,0,0,0,0,1,0,0,0,0,nanosheets,0,44.6,2,K,OH,-0.4,0.2,3,32.5
0,0,0,0,0,0,0,1,0,0,0,0,nanosheets,0,44.6,2,K,OH,-0.4,0.2,4,17
0,0,0,0,0,0,0,1,0,0,0,0,nanosheets,0,44.6,2,K,OH,-0.4,0.2,5,14.8
0,0,0,0,0,0,0,1,0,1,Graphene,2D nanosheets,nanosheets,coated,115,2,K,OH,-0.4,0.2,1,565
0,0,0,0,0,0,0,1,0,1,Graphene,2D nanosheets,nanosheets,coated,115,2,K,OH,-0.4,0.2,2,367
0,0,0,0,0,0,0,1,0,1,Graphene,2D nanosheets,nanosheets,coated,115,2,K,OH,-0.4,0.2,3,288
0,0,0,0,0,0,0,1,0,1,Graphene,2D nanosheets,nanosheets,coated,115,2,K,OH,-0.4,0.2,4,232
0,0,0,0,0,0,0,1,0,1,Graphene,2D nanosheets,nanosheets,coated,115,2,K,OH,-0.4,0.2,5,195
0,0,0,0,0,0,0,1,0,0,0,0,irregular nanoparticles,0,78.2,2,K,OH,0,0.45,0.3,124.79
0,0,0,0,0,0,0,1,0,0,0,0,irregular nanoparticles,0,78.2,2,K,OH,0,0.45,0.5,121.18
0,0,0,0,0,0,0,1,0,0,0,0,irregular nanoparticles,0,78.2,2,K,OH,0,0.45,1,106.53
0,0,0,0,0,0,0,1,0,0,0,0,irregular nanoparticles,0,78.2,2,K,OH,0,0.45,3,77.42
0,0,0,0,0,0,0,1,0,0,0,0,irregular nanoparticles,0,78.2,2,K,OH,0,0.45,5,65.32
0,0,0,0,0,0,0,1,0,0,0,0,irregular nanoparticles,0,78.2,2,K,OH,0,0.45,10,49.45
0,0,0,0,0,0,0,1,0,1,RGO,2D nanosheets,irregular nanoparticles,supported,41.8,2,K,OH,0,0.45,0.3,273.54
0,0,0,0,0,0,0,1,0,1,RGO,2D nanosheets,irregular nanoparticles,supported,41.8,2,K,OH,0,0.45,0.5,232.97
0,0,0,0,0,0,0,1,0,1,RGO,2D nanosheets,irregular nanoparticles,supported,41.8,2,K,OH,0,0.45,1,201.33
0,0,0,0,0,0,0,1,0,1,RGO,2D nanosheets,irregular nanoparticles,supported,41.8,2,K,OH,0,0.45,3,155.62
0,0,0,0,0,0,0,1,0,1,RGO,2D nanosheets,irregular nanoparticles,supported,41.8,2,K,OH,0,0.45,5,134.48
0,0,0,0,0,0,0,1,0,1,RGO,2D nanosheets,irregular nanoparticles,supported,41.8,2,K,OH,0,0.45,10,101.31
0,0,0,0,0,0,0,0,1,0,0,0,irregular nanoparticles,0,16.6,2,K,OH,-0.4,0.2,0.75,241.5
0,0,0,0,0,0,0,0,1,0,0,0,irregular nanoparticles,0,16.6,2,K,OH,-0.4,0.2,1,208.13
0,0,0,0,0,0,0,0,1,0,0,0,irregular nanoparticles,0,16.6,2,K,OH,-0.4,0.2,2,177.8
0,0,0,0,0,0,0,0,1,0,0,0,irregular nanoparticles,0,16.6,2,K,OH,-0.4,0.2,3,167.85
0,0,0,0,0,0,0,0,1,0,0,0,irregular nanoparticles,0,16.6,2,K,OH,-0.4,0.2,4,160.06
0,0,0,0,0,0,0,0,1,0,0,0,irregular nanoparticles,0,16.6,2,K,OH,-0.4,0.2,5,155.08
0,0,0,0,0,0,0,0,1,0,0,0,irregular nanoparticles,0,16.6,2,K,OH,-0.4,0.2,6,150
0,0,0,0,0,0,0,0,1,0,0,0,irregular nanoparticles,0,16.6,2,K,OH,-0.4,0.2,7,147.58
0,0,0,0,0,0,0,0,1,0,0,0,irregular nanoparticles,0,16.6,2,K,OH,-0.4,0.2,10,139
0,0,0,0,0,0,0,0,1,0,0,0,nanosheets,0,5.2,3,K,OH,0,0.55,1,261.8
0,0,0,0,0,0,0,0,1,0,0,0,nanosheets,0,5.2,3,K,OH,0,0.55,1.5,220.9
0,0,0,0,0,0,0,0,1,0,0,0,nanosheets,0,5.2,3,K,OH,0,0.55,2,163.6
0,0,0,0,0,0,0,0,1,0,0,0,nanosheets,0,5.2,3,K,OH,0,0.55,2.5,86.3
0,0,0,0,0,0,0,0,1,0,0,0,nanosheets,0,5.2,3,K,OH,0,0.55,3,65.4
0,0,0,0,0,0,0,0,1,0,0,0,flower-like clusters,0,39.9,1,H,SO4,-0.3,0.6,0.5,156
0,0,0,0,0,0,0,0,1,0,0,0,flower-like clusters,0,39.9,1,H,SO4,-0.3,0.6,0.8,113.3
0,0,0,0,0,0,0,0,1,0,0,0,flower-like clusters,0,39.9,1,H,SO4,-0.3,0.6,1,95.6
0,0,0,0,0,0,0,0,1,0,0,0,flower-like clusters,0,39.9,1,H,SO4,-0.3,0.6,3,74.3
0,0,0,0,0,0,0,0,1,0,0,0,flower-like clusters,0,39.9,1,H,SO4,-0.3,0.6,5,69.6
0,0,0,0,0,0,0,0,1,0,0,0,flower-like clusters,0,12.8,1,K,OH,0,0.8,0.25,243.8
0,0,0,0,0,0,0,0,1,0,0,0,flower-like clusters,0,12.8,1,K,OH,0,0.8,0.5,236
0,0,0,0,0,0,0,0,1,0,0,0,flower-like clusters,0,12.8,1,K,OH,0,0.8,1,228.2
0,0,0,0,0,0,0,0,1,0,0,0,flower-like clusters,0,12.8,1,K,OH,0,0.8,2,220
0,0,0,0,0,0,0,0,1,0,0,0,flower-like clusters,0,12.8,1,K,OH,0,0.8,5,208
0,0,0,0,0,0,0,0,1,0,0,0,irregular nanoparticles,0,3.6,2,K,OH,-0.2,0.4,0.2,264.8
0,0,0,0,0,0,0,0,1,0,0,0,irregular nanoparticles,0,3.6,2,K,OH,-0.2,0.4,0.5,244.9
0,0,0,0,0,0,0,0,1,0,0,0,irregular nanoparticles,0,3.6,2,K,OH,-0.2,0.4,1,220.7
0,0,0,0,0,0,0,0,1,0,0,0,irregular nanoparticles,0,3.6,2,K,OH,-0.2,0.4,2,205.5
0,0,0,0,0,0,0,0,1,0,0,0,irregular nanoparticles,0,3.6,2,K,OH,-0.2,0.4,4,175.4
0,0,0,0,0,0,0,0,1,0,0,0,irregular nanoparticles,0,3.6,2,K,OH,-0.2,0.4,10,134.5
0,0,0,0,0,0,0,0,1,1,derived carbon,3D porous,irregular nanoparticles,supported,565.2,2,K,OH,-0.2,0.4,0.2,1305.5
0,0,0,0,0,0,0,0,1,1,derived carbon,3D porous,irregular nanoparticles,supported,565.2,2,K,OH,-0.2,0.4,0.5,1230.9
0,0,0,0,0,0,0,0,1,1,derived carbon,3D porous,irregular nanoparticles,supported,565.2,2,K,OH,-0.2,0.4,1,1074.3
0,0,0,0,0,0,0,0,1,1,derived carbon,3D porous,irregular nanoparticles,supported,565.2,2,K,OH,-0.2,0.4,2,794.9
0,0,0,0,0,0,0,0,1,1,derived carbon,3D porous,irregular nanoparticles,supported,565.2,2,K,OH,-0.2,0.4,4,631.4
0,0,0,0,0,0,0,0,1,1,derived carbon,3D porous,irregular nanoparticles,supported,565.2,2,K,OH,-0.2,0.4,10,482.6
0,0,0,0,0,0,0,0,1,0,0,0,bulk,0,7.2,1,Na,OH,0,0.8,0.5,62.2
0,0,0,0,0,0,0,0,1,0,0,0,bulk,0,7.2,1,Na,OH,0,0.8,1,60.2
0,0,0,0,0,0,0,0,1,0,0,0,bulk,0,7.2,1,Na,OH,0,0.8,2,57
0,0,0,0,0,0,0,0,1,0,0,0,bulk,0,7.2,1,Na,OH,0,0.8,5,52.6
0,0,0,0,0,0,0,0,1,0,0,0,bulk,0,7.2,1,Na,OH,0,0.8,10,48.6
0,0,0,0,0,0,0,0,1,0,0,0,nanosheets,0,13.6,1,Na,OH,0,0.8,0.5,143.9
0,0,0,0,0,0,0,0,1,0,0,0,nanosheets,0,13.6,1,Na,OH,0,0.8,1,137.1
0,0,0,0,0,0,0,0,1,0,0,0,nanosheets,0,13.6,1,Na,OH,0,0.8,2,131
0,0,0,0,0,0,0,0,1,0,0,0,nanosheets,0,13.6,1,Na,OH,0,0.8,5,124.1
0,0,0,0,0,0,0,0,1,0,0,0,nanosheets,0,13.6,1,Na,OH,0,0.8,10,117.6
0,0,0,0,0,0,0,0,1,1,CNF,1D fibers,flower-like clusters,supported,28.6,1,Na,OH,0,0.8,0.25,113
0,0,0,0,0,0,0,0,1,1,CNF,1D fibers,flower-like clusters,supported,28.6,1,Na,OH,0,0.8,0.5,103
0,0,0,0,0,0,0,0,1,1,CNF,1D fibers,flower-like clusters,supported,28.6,1,Na,OH,0,0.8,1,99
0,0,0,0,0,0,0,0,1,1,CNF,1D fibers,flower-like clusters,supported,28.6,1,Na,OH,0,0.8,2,96
0,0,0,0,0,0,0,0,1,1,CNF,1D fibers,flower-like clusters,supported,28.6,1,Na,OH,0,0.8,5,91
0,0,0,0,1,0,0,0,1,1,CNF,1D fibers,flower-like clusters,supported,42.3,1,Na,OH,0,0.8,0.25,264
0,0,0,0,1,0,0,0,1,1,CNF,1D fibers,flower-like clusters,supported,42.3,1,Na,OH,0,0.8,0.5,253
0,0,0,0,1,0,0,0,1,1,CNF,1D fibers,flower-like clusters,supported,42.3,1,Na,OH,0,0.8,1,246
0,0,0,0,1,0,0,0,1,1,CNF,1D fibers,flower-like clusters,supported,42.3,1,Na,OH,0,0.8,2,241
0,0,0,0,1,0,0,0,1,1,CNF,1D fibers,flower-like clusters,supported,42.3,1,Na,OH,0,0.8,5,238
0,0,0,0,0,0,0,0,1,0,0,0,flower-like clusters,0,3.7,1,K,OH,0,0.5,0.2,368
0,0,0,0,0,0,0,0,1,0,0,0,flower-like clusters,0,3.7,1,K,OH,0,0.5,1,360
0,0,0,0,0,0,0,0,1,0,0,0,flower-like clusters,0,3.7,1,K,OH,0,0.5,3,287
0,0,0,0,0,0,0,0,1,0,0,0,flower-like clusters,0,3.7,1,K,OH,0,0.5,4,238
0,0,0,0,0,0,0,0,1,0,0,0,flower-like clusters,0,3.7,1,K,OH,0,0.5,8,177
0,0,0,0,0,0,0,0,1,0,0,0,flower-like clusters,0,3.7,1,K,OH,0,0.5,10,142
0,0,0,0,0,0,0,0,1,1,CNF,1D fibers,flower-like clusters,supported,10.8,1,K,OH,0,0.5,0.2,604
0,0,0,0,0,0,0,0,1,1,CNF,1D fibers,flower-like clusters,supported,10.8,1,K,OH,0,0.5,1,600
0,0,0,0,0,0,0,0,1,1,CNF,1D fibers,flower-like clusters,supported,10.8,1,K,OH,0,0.5,2,527
0,0,0,0,0,0,0,0,1,1,CNF,1D fibers,flower-like clusters,supported,10.8,1,K,OH,0,0.5,4,476
0,0,0,0,0,0,0,0,1,1,CNF,1D fibers,flower-like clusters,supported,10.8,1,K,OH,0,0.5,8,391
0,0,0,0,0,0,0,0,1,1,CNF,1D fibers,flower-like clusters,supported,10.8,1,K,OH,0,0.5,10,340
